,suicides_per_100k
1123,14.289194
10336,7.4175105
13269,9.922767
9262,15.684612
8675,2.4417024
14108,4.5696244
8307,5.1096272
3896,12.168753
8050,3.5691934
12210,6.7350883
6195,4.996203
4295,3.58715
9191,25.487068
14617,6.448217
19382,22.470808
10168,4.550184
13159,10.737779
15105,10.010088
6173,4.8067474
3041,3.839685
13017,0.0
9464,12.8016815
8429,0.0
6933,29.466358
6000,12.541411
13132,11.001758
14916,16.131525
17090,1.0096018
8557,2.0958648
12515,10.486083
20251,18.195713
8613,2.056223
2682,18.002785
6259,7.9275217
18261,15.004295
19149,9.308952
10671,17.570131
11295,1.7231305
1397,13.610131
9522,16.308544
936,1.6618123
13238,9.879371
716,8.327544
14752,2.2865503
17732,27.845798
5899,12.517839
12390,14.970975
4061,11.184106
19252,2.1271868
9536,14.451247
435,0.0
9459,12.8016815
5206,13.158879
3769,12.313561
6771,17.53686
17017,0.56454104
13681,12.421999
11686,16.083838
11113,15.415209
6409,12.819461
20657,7.265567
7242,22.196579
1771,1.0347775
14260,5.506277
19813,7.44281
17339,8.571296
8726,2.4598782
17981,13.04878
8059,3.5691934
12313,8.279819
19601,7.881716
11293,1.7231305
19599,8.037096
19503,1.7733644
3363,18.889511
16138,11.73332
9628,12.044592
17521,25.48989
3638,14.151018
3905,12.168753
13273,9.922767
16886,21.28782
19734,7.220036
19614,7.571047
3206,4.7591248
8683,1.7775612
16891,21.28782
12411,12.05891
1656,15.978484
11961,1.6364684
5583,17.023104
17014,0.93236476
20136,14.364077
19038,6.3904457
2884,4.897559
7641,2.5030687
505,6.5860987
10939,22.151669
16654,10.14154
5798,20.492727
16043,12.097601
14435,3.5839741
19549,8.66913
16281,17.379732
17116,0.8510878
8305,5.1096272
2265,0.38548422
13828,12.677783
20350,16.40815
12647,2.6355798
15631,6.338311
10724,26.360422
8034,3.6289904
3153,4.288088
4765,6.7337475
8999,9.104041
3207,4.7591248
9187,25.487068
20528,8.415411
18885,11.235174
9134,27.25586
11618,16.063164
18138,20.38611
10170,4.550184
4559,5.3627987
13414,14.794469
1275,11.212147
17908,14.183612
6572,8.910246
17365,8.250905
18911,2.2754714
16594,10.520833
19587,8.219736
2250,3.5035405
15569,9.470583
8676,2.4417024
2848,6.2462077
17830,16.197502
464,0.0
6344,5.13461
1016,1.9704837
1466,23.739923
11709,15.115905
20506,7.6310015
20563,6.9635124
1910,3.004797
1802,0.7598784
20284,17.450743
1847,1.6809132
20674,7.670198
294,0.0
15840,10.070836
2606,19.422441
11948,0.3460974
14126,5.739824
17509,26.582558
3771,12.313561
10344,7.2488337
13873,14.015283
18743,11.84717
10507,0.12669769
3666,13.756147
5305,13.437018
14267,5.506277
4896,21.073364
6625,8.555393
3517,13.277148
6392,9.12536
13891,13.024592
8166,3.1987653
9254,15.684612
10319,7.46238
4136,13.783236
147,5.0782766
13077,10.346575
16947,0.37857077
11630,17.204302
11854,7.802001
19094,9.512035
14507,4.6620893
9662,14.437231
6581,9.151895
15258,10.194176
11938,0.3564732
1271,11.212147
6052,5.090369
12822,4.418484
12754,3.769033
6877,1.7448376
3261,5.2046685
6348,7.3826766
8217,3.7103686
3835,11.7289
2582,20.176641
5622,16.497116
17351,8.706415
2131,5.8333335
3030,3.6555974
18790,12.055677
19202,3.679367
6696,19.313246
2967,6.0211544
8010,13.174323
17120,0.8510878
9259,15.684612
14157,5.318931
3935,5.426804
11699,17.331451
3359,16.413857
17488,8.156332
1743,0.72072625
17714,25.92107
3266,5.2046685
16318,17.518337
15786,1.7327378
17458,7.985314
5275,13.880462
3369,18.889511
5261,14.525658
6089,6.049439
8659,1.6816846
14709,1.8517874
12320,15.620019
9068,27.66198
6618,9.112228
8115,3.6492057
391,0.0
4706,8.505945
17492,8.156332
7990,13.059236
10333,7.4175105
1451,23.913239
10797,25.16959
6683,21.18751
5199,13.158879
554,7.031335
10997,28.116102
18758,15.126496
8364,0.0
15692,2.1340215
2751,4.6818123
17546,7.456266
17629,11.855709
6242,7.229279
6382,10.356162
20591,5.1736526
3447,16.614548
6527,8.459012
6902,3.41027
12255,7.849115
19431,20.83121
1366,12.073974
6371,12.6592045
14460,3.2331386
15863,13.018829
12209,6.7350883
18415,8.754355
8946,11.877335
6969,27.40919
15519,8.246307
13492,16.38689
1529,20.213032
5853,15.312889
8433,0.0
7115,20.50645
9672,12.177361
10384,6.6397357
10982,29.036146
14369,2.7186794
8844,4.1343226
17920,13.938389
4334,6.014694
11512,21.634499
15984,14.009887
7621,1.7280691
13587,13.353147
3205,4.7591248
19433,20.83121
20037,11.8175335
19426,20.83121
11726,17.635832
15942,12.838561
16261,18.444504
19602,7.881716
19613,7.571047
14276,4.6115108
12356,14.400501
5503,20.56452
10971,28.976143
595,7.164824
2928,5.4310637
13425,15.236741
15314,10.728462
6455,10.172319
20338,16.866665
12899,5.1627836
14370,2.7186794
14263,5.506277
13812,13.165398
1722,2.2604547
10721,26.360422
18702,12.627737
13160,10.737779
1229,13.376665
8607,0.0
4634,6.6256137
12139,8.09627
11915,1.1374537
12039,5.384385
10272,8.302214
16335,15.695186
9302,11.033919
11433,1.2298654
17991,13.04878
18147,19.15933
18782,12.055677
1306,11.635009
16073,13.59304
14479,3.536234
16013,12.654376
10934,20.611525
15731,2.9203882
8939,16.03984
9456,12.8016815
6403,9.03223
3883,11.910975
11951,0.3460974
1159,13.795062
10646,16.93464
18847,16.320358
17862,14.450207
605,7.303723
9769,11.374059
12018,2.443494
8415,1.1139331
11255,2.0401855
5135,19.806688
7642,2.5030687
7814,15.699154
4228,2.889983
17749,26.374758
12332,14.603987
4926,20.592964
9145,25.659178
5193,14.321229
17566,12.966174
2864,8.410748
18663,15.152835
19804,7.460703
6521,8.700267
3201,4.7591248
8428,0.0
2655,20.163927
3194,4.739508
6995,24.813665
10256,8.663477
5279,13.880462
12242,9.157928
8606,0.0
15265,10.348293
5966,11.978147
14426,3.1448734
9863,7.31455
18795,13.998647
8096,3.4975755
18555,6.292479
13787,15.43937
15226,7.757757
7982,12.605066
13172,10.309069
18973,9.675953
377,2.5087178
14963,16.620218
4817,7.1539826
17167,1.1858
16696,10.903016
9044,26.55245
15123,8.288982
2869,8.410748
17323,8.237435
17044,0.890576
4614,5.7019863
4616,5.7019863
17946,13.565392
9501,9.137829
8419,0.0
16059,12.682139
2728,1.2330456
2105,6.751055
14408,2.9405086
11221,2.0718231
2833,8.744517
5697,13.929864
15784,1.7327378
5745,16.708443
8795,2.1431968
8178,3.0814598
2062,1.5809908
3040,3.6555974
33,1.754817
11840,11.2493305
16944,21.58974
213,0.0
11563,20.026522
12975,0.0
1103,13.930537
909,1.8549747
20146,14.364077
6784,19.4065
12856,4.543382
19559,8.435456
8218,3.7103686
18566,6.426954
1936,3.6854072
7101,20.577295
17603,7.963884
7508,2.7219014
18506,5.8536735
3156,4.288088
15689,2.1340215
6303,6.758173
1550,18.293848
20165,11.115032
18176,20.829702
4060,11.184106
1629,16.109776
14644,1.2967422
12885,4.5883923
6918,4.8948574
4570,5.746925
5906,13.029953
7057,20.033117
19274,2.7217767
11331,2.2556908
16273,19.703684
11704,17.331451
10269,8.302214
14754,2.2865503
14412,2.9405086
10267,8.302214
6116,5.481618
6806,5.00376
15845,10.070836
7577,3.1207988
1945,3.7820911
7293,18.654373
19630,7.4963856
4991,18.458773
14355,2.78072
4689,8.395811
1220,13.376665
1230,13.376665
8875,3.1495059
17217,7.5295467
11147,7.317644
9176,26.161432
1113,14.289194
19682,7.428202
11966,1.6364684
502,7.3562016
11707,15.115905
1531,20.213032
2882,4.897559
17425,7.243891
4827,6.0858274
4959,18.31781
1929,4.9103107
16818,29.461273
18226,18.388765
18347,6.8511224
13596,13.517673
14643,1.4899201
16909,22.610622
11340,2.254412
16958,0.26993245
13962,10.979386
10044,6.831852
10851,24.281073
282,0.0
10775,26.480335
2718,1.8987342
3851,12.180094
17049,0.890576
14958,16.620218
5719,15.102653
1708,2.1301625
14874,15.026225
12211,6.7082753
18571,6.599621
6432,11.65821
14814,15.018518
948,2.4545217
17563,12.966174
4650,6.7678137
12469,12.132381
2937,5.2854867
1420,23.849657
7116,20.50645
19546,8.66913
1846,1.6809132
11111,15.415209
1972,5.5883837
19721,7.123868
20091,13.327582
6331,4.8098087
16360,6.501612
4520,5.241577
17536,22.440752
4999,16.75806
2974,5.5575895
9305,11.033919
7482,3.4671369
12365,14.400501
6749,17.447998
7087,19.904566
5606,16.792702
4389,5.8127613
20398,18.598679
3211,5.0028167
1059,2.3837783
5434,3.7461603
14346,2.78072
15782,1.7327378
6490,9.932187
17403,8.00241
11497,23.023664
6336,5.13461
2688,17.950914
3861,12.23745
492,7.3562016
6297,6.826202
4627,6.6256137
15396,8.5625725
10904,20.251259
12851,4.2724266
6532,8.459012
87,4.587913
8147,3.6719968
1709,2.1301625
14829,16.045319
16413,7.287656
16304,18.100605
12152,5.0740275
19884,12.93525
3401,17.948622
4382,5.9640665
17063,1.051276
2490,21.061893
7958,12.801684
3710,13.106594
2791,0.532907
4261,3.587702
13133,11.001758
19199,10.969746
15460,8.684641
9195,24.848778
20454,7.3206444
17239,8.523483
16918,22.892035
7295,18.654373
10222,8.377807
7532,3.7583954
11660,16.487831
9731,12.3645
13085,10.346575
8719,2.4598782
9703,12.336612
13462,16.153893
5556,17.784756
2770,4.421697
10606,0.11598004
20055,12.32672
14055,11.352388
15936,12.838561
15191,5.7813625
1580,16.481836
7300,19.629938
15520,8.246307
17198,7.890016
2194,0.0
20336,16.866665
12804,4.3409233
17299,8.520937
5581,17.023104
5843,15.3942375
14716,2.1509724
238,1.6853744
12378,13.260691
10613,0.11598004
8042,3.9192917
19876,12.93525
13747,5.751867
4767,6.7337475
5451,5.5349464
6733,21.365993
10648,16.93464
12287,5.462744
13621,13.103353
15877,13.499486
16645,10.14154
83,5.111694
16000,13.196986
584,6.7545457
11777,14.612619
8698,1.9791678
14800,14.133451
7323,19.027267
14999,15.668988
13227,10.376517
14256,5.894216
20294,16.957504
2638,19.78696
1310,11.635009
12021,3.0229745
20234,17.280912
16748,8.553417
1350,11.454891
2661,20.163927
6260,7.9275217
19762,7.3834105
4400,5.3659697
5469,5.4670744
18499,5.8536735
15646,6.5138674
19260,2.8267217
19357,24.835169
8203,3.3468313
12276,6.263498
10505,0.046407264
17534,22.440752
17890,14.561925
11553,22.522396
7258,20.585272
15928,13.299966
14255,5.894216
11261,2.0401855
9137,27.25586
448,0.0
9258,15.684612
1468,23.739923
8167,3.1987653
1121,14.289194
5215,12.915776
6006,12.541411
17498,29.409597
11568,20.026522
20161,11.115032
1952,3.7820911
13116,10.863794
20483,8.557254
4150,12.703269
19782,7.1707997
14804,14.133451
12477,8.056882
18218,18.368237
5590,16.445255
16557,11.651058
7876,14.163918
3918,6.6296015
18865,12.997541
17052,0.890576
12710,3.59953
10511,0.12669769
19282,2.7217767
1297,11.29498
13394,13.244797
8644,1.9987987
5298,13.437018
8009,13.174323
18551,6.292479
13750,5.751867
7806,15.699154
8049,3.5691934
8453,4.321194
1963,4.837014
12114,3.3955858
6458,10.172319
2694,17.950914
17549,7.456266
18002,13.466069
18264,13.523056
3755,12.6238575
11972,0.0
10161,4.550184
6650,28.257162
10669,17.287128
16568,13.163129
14051,11.352388
5950,11.318914
9571,10.60853
14078,0.49855247
2358,25.326773
1860,1.3956645
2086,0.7413717
2317,0.0
19376,22.470808
9850,11.229094
6833,1.378187
4708,8.505945
5654,16.241484
17637,12.410472
18216,18.368237
7397,17.70259
2799,6.1504397
7088,19.904566
1486,20.69418
5608,16.792702
13580,13.353147
4381,5.9640665
18309,13.21447
7320,18.823204
11894,0.0
10127,6.0602984
663,8.875821
9228,19.894524
9231,19.894524
13510,14.538078
20345,16.40815
15136,8.075448
9206,22.175488
12497,8.793472
3137,4.194761
607,7.303723
2132,5.8333335
16858,22.518175
6412,12.819461
12613,10.421878
3083,4.14661
12997,0.0
4775,7.4319005
4950,18.79599
16520,14.093479
8992,9.104041
14323,4.175884
1519,19.503416
11627,16.063164
17233,8.523483
8287,4.4460087
1034,2.5090194
4328,6.014694
14185,5.714192
17737,28.568308
18956,2.2796667
15925,13.299966
5740,16.050364
6779,17.53686
15275,10.199088
14653,1.2967422
18815,11.281898
17039,0.6035557
11021,24.529049
608,7.303723
17436,7.2864633
8387,4.5957994
15236,12.272015
10475,6.8619375
7306,19.629938
15601,7.1414747
14921,16.300985
1837,1.209619
551,7.031335
6852,3.0029743
13443,13.534156
19901,12.934819
20101,13.608722
7893,13.024524
7313,18.823204
13070,18.067183
13531,14.114679
6245,7.229279
11812,10.229982
8395,4.5957994
7674,2.3556845
14542,4.124731
2134,6.6777964
17743,26.374758
9017,5.3265233
19507,1.5360138
18407,7.429409
11979,0.0
15704,3.084811
18523,6.379949
3598,10.418105
6081,5.457598
3993,6.8218193
13715,6.0173936
19159,11.005214
6793,15.682175
7149,17.082644
10691,17.954449
601,7.303723
20587,5.368905
18905,2.2754714
9751,11.479137
197,5.803285
8091,3.6627746
17119,0.8510878
5945,11.318914
6973,27.40919
8996,9.104041
16755,8.553417
15790,1.7327378
5735,16.050364
15213,5.37983
9344,11.892822
1561,17.872972
14284,4.3188887
16251,19.302073
11416,1.1884396
16437,4.794496
3936,5.426804
19899,12.934819
19322,28.437443
20254,18.195713
20429,8.029837
15445,8.274351
3328,5.616382
18778,13.122477
10181,8.028203
14540,4.124731
15417,9.730077
20014,11.61335
13143,10.439408
16325,16.672033
6090,6.049439
17234,8.523483
2517,20.985352
5349,1.0135878
13248,9.917554
5417,4.8279657
12519,10.486083
19988,11.531207
15364,9.550169
11585,20.634256
12643,2.6355798
17472,8.85387
5974,11.978147
7597,4.2788854
19053,7.2323027
18844,16.320358
9086,23.278196
18979,9.675953
18024,12.931926
3703,13.106594
17595,5.305643
20662,7.265567
13956,12.168057
17712,24.70808
7176,15.290864
3132,4.538293
12525,11.187131
11783,17.25618
16546,10.637481
6214,5.7344313
12944,5.451308
17382,7.766299
12786,4.1409473
9205,22.175488
3572,10.812684
3034,3.6555974
11023,24.529049
10968,28.976143
19874,13.217145
1523,19.503416
14096,0.19277915
8269,3.5117514
12610,10.421878
19180,8.151691
14191,6.8206525
11003,28.116102
16123,11.655618
15621,6.941914
10698,18.493076
11322,2.0846815
13727,6.5891547
4800,7.0392823
12067,4.928965
2270,0.38548422
19066,8.311701
20450,7.3206444
5637,15.72936
3067,3.9451213
16690,10.903016
9193,24.848778
12077,4.928965
19383,22.697514
9708,12.336612
20141,14.364077
6264,7.1920238
7167,15.290864
6514,9.974369
11761,11.204148
20129,13.931532
3967,7.21062
4667,5.4895544
3125,4.538293
19731,7.123868
5023,17.109837
12179,6.3005686
14463,3.2331386
8526,0.0
17806,16.783928
18808,11.281898
17725,27.845798
1908,3.004797
11855,7.802001
17607,7.963884
5090,21.852013
8994,9.104041
17828,16.197502
18960,2.1313162
14780,2.55676
2456,22.635767
3068,3.9451213
5855,15.312889
16205,19.37577
16508,8.144364
19568,8.558269
20257,18.195713
9555,14.882447
20102,13.608722
14249,5.894216
3528,12.335087
3689,14.367182
7708,5.5898113
3873,11.430177
2802,6.1504397
6203,4.996203
15355,10.966268
10381,6.6397357
19588,8.219736
6301,6.758173
13794,14.711383
8697,1.9791678
8972,13.018823
13304,9.806324
17880,14.74905
8711,2.1674597
8790,2.1431968
572,7.0136905
17076,1.1660867
7882,13.628668
19953,12.158396
7784,16.619492
14462,3.2331386
9059,25.310427
19510,1.5360138
17261,8.890984
7263,20.585272
5524,20.564146
18291,13.665823
1469,23.739923
311,0.0
9502,9.137829
12844,4.2724266
825,2.476167
10052,5.7936835
14363,2.0476072
13708,6.0173936
12955,19.51477
12809,4.2608147
6157,5.6600566
1755,0.74176115
17951,13.565392
4412,5.482429
222,3.50874
7653,4.5205894
691,8.652829
19042,6.3904457
8046,3.9192917
16140,11.73332
11904,1.1741545
20556,6.9635124
12145,8.09627
7174,15.290864
4153,12.703269
18050,12.895427
1396,13.610131
20487,8.557254
10967,28.976143
1141,12.449603
1683,16.046219
7086,19.904566
2516,20.985352
15054,17.260862
7610,2.1055179
1502,20.564405
12789,4.1409473
867,3.7755575
17820,16.9245
13720,6.5891547
13581,13.353147
3230,4.9822307
1689,16.046219
4657,6.7678137
17652,16.960531
19779,7.318979
7426,17.53823
7005,23.86405
14940,16.053354
17143,1.025603
1145,12.449603
16340,15.695186
19422,20.99231
3403,17.948622
1612,16.081755
4682,7.4720707
1484,20.69418
10010,6.4795094
13906,11.640816
2958,6.0211544
12307,8.279819
2775,4.421697
3925,6.6296015
6469,9.007092
7361,18.741901
17112,0.8156634
12568,8.412516
12639,9.874732
2401,21.346226
16081,12.49772
4472,4.805081
6990,24.813665
892,2.1833441
13118,10.863794
3268,5.2046685
11779,14.612619
1435,22.92304
1748,0.72072625
16184,20.189264
14446,3.349167
19560,8.435456
16405,9.793
11694,16.083838
8597,0.0
14475,3.6798942
6493,8.33579
20317,17.15709
13110,10.863794
2092,0.7413717
13534,14.114679
7012,24.576529
2059,1.6312298
4278,3.4752758
9062,25.310427
13407,14.727778
461,0.0
19150,9.308952
1987,5.124826
5937,12.719011
13073,18.067183
13216,9.801616
16574,13.163129
6398,9.03223
17845,16.373133
19256,2.1271868
4852,22.025099
503,6.5860987
12172,5.2940164
2366,28.763186
11167,5.7496047
13624,12.768144
6330,4.8098087
15836,9.71409
14414,2.9405086
2794,6.1504397
12164,5.2940164
11747,11.330001
8455,1.0729383
11850,10.178747
2128,5.8333335
3150,4.288088
15902,13.21662
5803,20.492727
10778,24.92448
5894,13.647485
1916,3.004797
8066,4.1488743
16274,19.703684
13665,13.32243
17379,7.766299
1482,21.191097
6051,5.090369
16501,4.770708
16343,7.9614663
19842,8.038251
19355,26.94465
6930,4.087164
13760,16.635952
16435,4.794496
19869,13.217145
15564,9.470583
13749,5.751867
3165,4.813371
8205,3.7797122
13430,15.236741
13550,12.762387
15900,13.21662
2367,28.763186
2143,6.6777964
8159,3.1987653
10670,17.287128
15878,13.499486
471,0.0
16926,19.879229
20306,16.220558
5683,14.045209
10410,6.92916
18765,15.126496
17542,7.456266
12496,8.793472
20109,13.608722
15920,13.379194
14496,4.654585
12140,8.09627
20118,13.86347
4586,5.5307093
758,8.449141
16976,0.45880365
4441,5.4333024
8033,3.6289904
9580,10.60853
20316,17.15709
10358,6.773502
579,6.7545457
4676,7.4720707
1176,14.257924
3838,11.7289
18941,2.5901415
10802,24.66322
8301,5.1096272
17605,7.963884
14386,2.8944569
5698,13.929864
6955,29.029762
1509,20.916553
12090,2.8719127
6523,8.700267
2222,1.1768167
4633,6.6256137
5532,19.755962
8797,2.1431968
5963,11.680331
15166,6.862156
3639,14.151018
5463,5.4670744
12463,12.132381
14025,10.942116
10328,7.4175105
655,9.454978
20500,7.6310015
14443,3.349167
14176,5.714192
935,1.6618123
15761,2.6967537
19743,7.220036
5287,13.88903
17269,9.017511
8837,4.1343226
20218,15.242364
10223,8.377807
7907,12.40026
17573,12.966174
7873,14.163918
10963,26.42223
15736,2.9203882
14914,16.131525
15626,6.338311
5715,14.732213
2701,17.57283
1824,4.216547
13331,10.46147
3124,4.5960646
2160,7.048093
2561,21.27361
12697,3.3021114
7881,14.163918
14586,4.828557
17497,29.409597
18786,12.055677
11749,14.414314
4377,5.9640665
8800,2.6146924
3240,5.0515366
19558,8.435456
5763,14.945107
13600,12.5525675
11839,11.2493305
15013,17.880707
20565,6.9635124
4909,20.72416
17724,27.845798
17854,15.143275
14184,5.714192
768,7.6867404
15283,10.91726
3151,4.288088
10643,16.93464
16147,20.33709
7288,18.654373
16107,12.666191
9118,29.00793
12089,2.8719127
20362,17.491093
19019,7.2048273
16349,7.9614663
20015,11.61335
15112,9.21124
1710,2.1301625
6280,7.341875
11849,10.178747
14503,4.6620893
13924,12.2967205
4440,5.4333024
9184,25.487068
9095,28.432524
7148,17.082644
18053,13.630197
563,7.0136905
5774,14.945107
16245,19.302073
10923,21.470295
5922,12.397217
11316,2.0846815
14870,15.230619
496,7.3562016
1731,1.8470803
746,7.659985
9917,8.586349
14700,1.7515761
17507,26.582558
7563,4.5131636
11523,25.489365
886,2.1833441
5007,19.14019
17176,0.97123647
6022,11.51009
5314,13.949322
17666,16.039946
4294,3.58715
16687,10.740785
5613,16.792702
8397,1.1307995
8444,4.321194
12864,4.543382
17544,7.456266
14320,4.175884
14868,15.230619
9470,12.153786
8935,16.03984
5576,17.023104
10847,24.281073
1506,20.916553
12781,4.129476
1146,12.449603
17126,0.76484716
13112,10.863794
17511,26.582558
3975,7.21062
2911,4.0970325
694,8.112241
2406,21.346226
15269,10.348293
4753,6.408744
4523,5.241577
11547,22.522396
13000,0.0
6390,9.12536
7724,5.5517
1394,13.610131
16720,9.249326
7027,22.275955
298,0.0
1454,23.913239
19809,7.44281
12285,5.462744
4975,18.737919
17927,13.938389
1142,12.449603
19125,10.039356
3886,11.910975
3244,5.0515366
11201,0.0
19312,25.613953
17115,0.8510878
15228,12.272015
8285,4.4460087
241,0.0
15874,13.499486
20374,19.004175
8954,11.877335
7558,3.5160658
15441,9.264513
2710,17.57283
13545,12.762387
19629,7.4963856
12168,5.2940164
7938,12.024745
16004,13.196986
1285,11.078406
7726,5.5517
19792,7.1707997
14163,5.318931
17766,26.606602
13058,21.357634
6040,10.477312
19753,6.791239
14997,15.668988
16756,8.553417
697,8.112241
3361,16.413857
4666,5.4895544
17877,14.74905
1925,4.9103107
162,0.0
14855,15.347609
14899,16.12051
150,5.0782766
20532,8.807169
9491,9.137829
11916,1.1374537
13391,13.244797
11787,17.25618
15413,9.730077
6617,9.112228
16876,23.017069
12458,10.571151
20455,7.3206444
19014,7.2048273
13814,13.165398
13504,14.538078
7385,17.410212
17538,22.440752
19704,7.083629
8426,0.0
20158,14.725813
5554,17.784756
18168,19.487778
4254,3.587702
196,5.803285
8274,3.5117514
5704,13.929864
12666,2.9713438
6791,15.682175
12389,14.970975
19771,7.318979
3610,10.517334
15559,8.598918
8111,3.6492057
9324,13.3874235
4505,4.7489686
11056,20.215384
4850,22.025099
10831,24.93574
2931,5.4310637
3482,17.456633
16848,27.572618
19733,7.220036
10301,7.5655246
17664,16.039946
18214,18.368237
3872,11.430177
8471,6.4044404
10388,6.8479424
20542,8.807169
6083,5.457598
136,4.360165
2619,18.513966
2891,4.350818
13023,20.232086
2764,7.7562327
799,7.7406273
9801,11.395458
8331,5.1203694
15287,10.91726
3842,11.7289
19141,9.308952
10453,7.4604373
19519,1.70976
15085,15.019436
4622,5.7019863
9025,5.3265233
4805,7.0392823
19064,8.311701
3374,18.372704
19458,18.772875
20639,6.955545
9211,22.175488
13546,12.762387
9486,15.613333
10800,24.66322
15556,8.598918
12986,0.0
4309,3.616897
3916,6.3455462
7368,18.025248
19273,2.7217767
853,3.2916973
16932,19.879229
9441,11.307461
1840,1.209619
19223,3.9110694
5416,4.8279657
9071,27.66198
5557,17.784756
10667,17.287128
12942,5.451308
14472,3.6798942
4131,13.544667
1157,13.795062
17805,16.783928
11769,11.204148
16506,8.144364
18581,6.599621
11826,11.297567
12765,3.8530664
16870,20.990267
1971,5.5883837
17614,7.1147137
20446,7.36156
4865,24.338324
4259,3.587702
20275,22.020992
3840,11.7289
48,3.027005
19817,8.027719
18661,14.391665
9707,12.336612
15707,3.675551
11720,17.635832
13211,9.801616
8083,3.5432918
4957,18.31781
8221,3.7103686
12679,3.0484154
1008,1.9704837
10415,6.9208
10560,0.040577695
6250,7.229279
18217,18.368237
980,2.8215928
13858,13.270693
7387,17.70259
5611,16.792702
11176,0.0
11098,18.794638
452,0.0
14345,2.78072
14983,14.552127
4142,13.783236
8339,2.4390244
2444,19.919178
992,2.595681
12648,2.6355798
20043,11.933435
19023,6.835909
8220,3.7103686
17270,9.017511
18951,2.2796667
1347,11.454891
5156,15.833722
18455,8.413517
1214,14.102947
4452,5.4276247
15478,8.205071
19569,8.558269
9164,25.919146
16641,9.829198
19445,21.106379
10184,8.1758175
12833,4.2957754
15808,2.8035634
16949,0.37857077
2111,7.1729956
16454,7.1526494
15989,14.009887
9546,12.963696
11178,0.0
9234,20.988348
12595,8.541123
18585,6.5183954
2089,0.7413717
6027,11.780867
17757,27.31208
12699,3.3021114
15318,10.535726
12259,5.045116
11895,0.0
14223,5.776474
9289,10.300783
17019,0.56454104
18843,16.320358
14952,16.694345
2364,25.326773
5914,13.029953
19360,24.835169
15563,8.598918
5281,13.880462
1760,0.74176115
17415,7.8845553
14348,2.78072
14045,11.352388
5343,1.0135878
13405,14.727778
13208,9.801616
9128,28.47339
14228,6.089615
8001,13.174323
19670,7.6424394
301,0.0
11381,1.6585808
6066,5.4335275
8118,3.6492057
10916,19.183176
19767,7.3834105
12876,4.8277493
3395,18.310299
5367,2.6632054
17821,16.9245
3168,4.813371
13039,0.0
16817,29.461273
11118,15.415209
5829,16.547506
10140,5.148071
3917,6.3455462
4435,5.4333024
19827,8.027719
9308,11.033919
13668,13.32243
12186,6.3005686
7932,12.024745
4219,2.889983
7009,23.86405
2664,20.163927
6628,8.555393
11543,22.033236
12532,11.187131
3715,13.037255
8637,2.1438293
11590,20.634256
11499,23.023664
13893,13.024592
3705,13.106594
12237,9.157928
9454,12.771304
18584,6.5183954
18867,12.997541
1893,0.0
8184,3.5661082
5823,18.140036
16593,10.520833
8983,14.96187
6592,7.1756744
1255,12.623803
943,1.6618123
1309,11.635009
17385,7.766299
13488,16.195032
14949,16.694345
15088,9.234871
1070,2.0691903
5980,10.790019
15817,3.072584
20492,8.557254
19716,7.4094396
7399,17.864336
20481,7.576917
12394,15.376884
7195,21.534231
19933,12.281155
17465,8.75697
1988,5.124826
5651,16.241484
4458,5.0179687
17707,24.70808
12840,4.2957754
8424,0.0
5493,5.0608425
16781,9.622239
16455,7.1526494
0,1.6651905
13344,11.086206
8128,3.9085875
15830,9.71409
20366,17.491093
12868,4.8277493
2483,22.619684
5379,2.6078625
1541,18.855139
16611,9.242268
11114,15.415209
18620,7.7036786
15764,2.6967537
16199,19.37577
1526,19.503416
2441,19.209076
2533,22.152103
6825,5.8076267
12009,2.443494
15089,9.234871
4996,16.75806
18872,12.997541
13056,21.357634
11517,25.489365
9602,9.859368
18026,12.931926
818,2.476167
11946,0.3564732
18798,13.998647
17312,8.856995
6698,19.313246
6179,4.8067474
8207,3.7797122
9055,25.310427
16111,12.666191
17744,26.374758
15766,2.6967537
14344,2.78072
2033,3.2939222
8990,14.96187
18040,12.895427
11470,27.577251
1369,12.073974
18771,13.122477
2820,8.566982
8021,12.910709
5615,16.792702
8731,1.865598
10018,6.9463797
7280,19.055475
13485,16.195032
1593,15.986861
5040,18.467295
10784,24.92448
3759,12.6238575
1996,3.1512263
2007,4.1460657
11042,21.566143
18426,9.174398
13356,11.673317
10247,8.659226
789,8.226281
17221,8.18111
4822,6.0858274
9360,12.117895
5460,5.5349464
5822,18.140036
4871,23.086979
16108,12.666191
12683,3.0484154
10049,6.831852
20247,14.827834
10395,6.8479424
752,7.659985
13778,16.99139
16939,21.58974
9532,14.451247
2374,28.873272
10758,24.72356
13250,9.917554
8486,1.0624057
12192,4.946487
2271,0.38548422
7739,18.557299
10458,7.4604373
3852,12.180094
8369,0.0
1669,16.140196
258,0.0
17321,8.237435
634,9.189855
8372,3.516834
8363,0.0
7321,19.027267
19673,7.428202
5953,11.680331
11845,10.178747
11410,1.1884396
6665,26.163591
3857,12.180094
19754,6.791239
18568,6.426954
581,6.7545457
11688,16.083838
16423,4.8250904
20584,5.368905
6388,9.12536
5256,14.525658
8785,2.3110042
10426,7.33614
7273,20.235987
19785,7.1707997
16174,21.583015
9074,25.102615
3235,5.0515366
11181,0.0
16282,17.379732
19947,12.158396
13604,12.5525675
10376,6.6397357
16544,10.637481
19308,24.059908
14301,3.9761503
18302,13.94292
15456,8.684641
17129,0.76484716
13952,12.168057
19303,24.059908
4725,8.851984
7647,4.5205894
18700,12.627737
15301,10.106516
14660,1.3742632
11541,22.033236
6134,5.5524797
18647,13.430127
8163,3.1987653
13135,10.439408
14202,6.3732395
5189,14.321229
13393,13.244797
5650,16.241484
2242,3.5035405
1385,13.184305
18410,7.429409
6656,28.176716
8561,2.0958648
13792,14.711383
13672,12.421999
17758,27.31208
4118,12.121661
901,1.8549747
227,3.50874
6028,11.780867
529,7.316873
16122,11.655618
10478,6.8619375
2055,1.6312298
7649,4.5205894
10868,23.787905
15050,17.682285
7414,17.57476
9133,27.25586
5885,13.647485
9697,13.654268
6450,10.227036
12706,3.59953
14563,4.0291233
16143,11.73332
9414,12.887167
16052,12.097601
5656,16.241484
7493,4.0892415
9290,10.300783
1087,2.6472676
2854,5.19728
3775,12.5672455
18812,11.281898
19924,12.552551
16285,17.379732
3000,8.129191
3888,11.910975
8260,3.647518
14935,16.053354
13592,13.517673
10600,1.4013873
4085,11.793901
18054,13.630197
20597,5.1736526
10419,6.9208
4791,7.460724
10114,5.8667474
15400,8.5625725
13106,11.162771
683,8.652829
7596,4.2788854
535,7.316873
6015,11.51009
9953,7.2418075
9487,15.613333
5238,12.876603
18421,8.754355
6893,4.9093885
9365,19.25128
12801,4.3409233
4227,2.889983
10075,5.391737
17739,28.568308
19446,21.106379
3677,13.756147
5109,19.664896
10385,6.6397357
15851,12.484041
5448,4.420948
20170,11.115032
5183,14.234066
9704,12.336612
9340,11.892822
5442,4.420948
8780,2.3110042
5371,2.6632054
6471,9.007092
17206,7.890016
3648,14.016572
17226,8.18111
2025,4.1987677
15434,9.264513
19912,12.860446
12266,5.045116
10009,6.4795094
16142,11.73332
11282,2.4227102
4462,5.0179687
8127,3.9085875
17584,14.123786
7522,3.1286488
3393,18.310299
20248,14.827834
2285,1.9177809
6579,9.151895
7808,15.699154
12409,12.05891
184,4.4759784
8438,0.0
6443,10.227036
18099,21.443144
15959,12.786229
15348,11.579276
16535,11.565662
17786,18.374409
8504,0.0
6309,6.758173
6778,17.53686
2621,19.790413
8872,3.1495059
14917,16.131525
354,0.0
9986,6.981742
190,4.4759784
3586,12.529362
9223,19.894524
18738,11.84717
9915,8.586349
8686,1.7775612
4182,10.700492
3209,5.0028167
17364,8.250905
6629,8.555393
3623,13.673677
9633,12.086024
3544,12.920517
8725,2.4598782
15004,17.880707
3051,3.839685
8556,2.0958648
182,4.4759784
2722,1.8987342
695,8.112241
17588,5.305643
19082,11.16513
6689,21.18751
17717,25.92107
128,4.7182546
12428,16.69225
17374,8.250905
14627,0.6274333
10302,7.5655246
10405,6.92916
13911,11.640816
1783,1.5943497
8849,2.7755544
3802,12.23319
19472,2.2427638
17924,13.938389
7579,3.1207988
11195,0.0
12630,9.874732
5031,17.913624
1610,16.081755
16478,3.6934896
11442,1.6015109
14701,1.7515761
18136,20.38611
6709,19.757324
6373,10.356162
6511,9.974369
19744,7.220036
2415,19.546474
16639,9.829198
291,0.0
4811,7.1539826
19862,13.435401
453,0.0
9008,6.082873
3764,12.313561
18273,13.523056
3465,17.307861
2320,0.0
3126,4.538293
14857,15.347609
13683,12.421999
8913,3.4646251
12883,4.5883923
6498,8.33579
10807,24.66322
5721,15.102653
2823,8.566982
5472,5.4670744
15044,17.682285
2080,0.41169477
4841,23.715883
10622,1.9223102
13844,12.993345
16563,11.651058
849,3.1485772
13824,13.511181
11844,10.178747
1191,15.364694
4427,5.415242
2382,27.379436
19584,8.219736
14682,2.0864475
12201,6.7350883
13803,14.711383
3425,18.465067
8742,2.016955
10786,24.92448
18955,2.2796667
8293,4.8198247
4499,4.7489686
4269,3.8802123
19200,3.679367
4146,12.703269
19299,22.198895
16305,18.100605
18730,14.641364
6900,3.41027
16553,10.166429
8534,0.0
10718,26.360422
13294,9.279702
5041,18.467295
8355,0.0
14795,2.90849
164,0.0
18108,21.443144
9982,6.981742
16860,22.518175
14719,2.1509724
8830,4.088795
5455,5.5349464
11603,18.952063
5830,16.547506
6325,4.8098087
2319,0.0
8969,13.018823
11014,26.707241
15019,17.644712
11572,20.026522
10717,26.360422
19441,21.106379
804,3.1169353
4723,8.851984
8877,3.1495059
256,0.0
1858,1.3956645
9212,20.450901
13679,12.421999
5043,18.467295
15971,14.8160095
13856,13.270693
6495,8.33579
735,7.8316154
20643,6.955545
19860,13.435401
4312,3.616897
16069,13.59304
550,7.031335
5052,19.147512
12783,4.129476
15894,13.02019
12538,7.328193
8989,14.96187
16733,9.869631
8615,2.056223
5730,16.050364
4207,11.095198
1403,25.237324
8075,3.5432918
5926,12.397217
17363,8.649806
14148,5.4303493
15588,7.423824
3951,6.013131
8108,3.6492057
2546,22.296474
2453,22.635767
13895,13.024592
920,1.8711425
10138,5.148071
19061,8.311701
8847,4.1343226
4843,23.715883
9911,8.586349
12298,7.8715944
7071,21.326414
2644,19.713703
16758,10.79414
11229,2.0718231
4598,6.666241
14520,4.805244
5345,1.0135878
6640,6.776294
5857,15.312889
14606,5.5822406
5540,19.25193
2555,21.27361
13632,12.768144
18303,13.94292
279,0.0
19857,13.435401
4566,5.746925
12493,8.793472
17893,14.561925
16737,8.275554
2183,0.7923742
14004,11.957533
524,7.2689996
18177,20.829702
7623,1.7280691
5242,13.793129
5044,18.467295
16684,10.740785
19858,13.435401
5065,23.185688
1272,11.212147
18310,13.21447
4946,18.79599
1682,16.046219
5873,14.486542
11717,17.635832
3442,16.614548
20117,13.86347
6389,9.12536
3237,5.0515366
2141,6.6777964
9645,13.648539
7702,3.744693
19892,13.055441
18133,20.38611
10699,18.493076
17523,25.48989
5376,2.6632054
15063,17.260862
9753,11.479137
13783,15.43937
4058,11.184106
12042,5.384385
5004,16.75806
12580,10.056658
8794,2.1431968
3360,16.413857
8100,3.4975755
16994,0.6581451
15679,3.012087
1086,2.6472676
12767,3.8530664
20150,14.725813
18437,9.174398
3427,18.465067
14240,5.5212264
15938,12.838561
19403,22.303623
15730,2.5181901
7470,3.9306915
6676,24.89115
18756,14.087339
11813,10.229982
15496,7.445242
19311,25.613953
2765,7.7562327
10309,7.417108
15871,13.018829
15944,12.838561
3996,6.8218193
823,2.476167
7322,19.027267
9447,12.771304
11613,21.217966
1821,0.83611476
16806,28.32974
2631,19.78696
10001,6.888832
7123,18.840746
2964,6.0211544
11619,16.063164
16166,21.932669
10304,7.417108
9550,14.882447
12304,7.8715944
18915,1.6873827
4524,5.241577
796,7.7406273
11498,23.023664
20314,17.15709
15099,10.010088
3276,5.1913314
11238,1.7206008
8700,1.9791678
10420,6.9208
1991,3.1512263
18069,12.595282
14900,16.12051
3180,4.7290077
5228,12.240093
17765,26.606602
9066,27.66198
5246,13.793129
6118,5.481618
4347,6.5044074
15991,14.009887
17594,5.305643
672,8.60182
4879,23.086979
4431,5.415242
3188,4.739508
10142,5.148071
7430,17.53823
14840,15.712745
18192,18.208447
13533,14.114679
2903,3.0690498
12669,2.9713438
2436,19.209076
17342,8.706415
4365,6.347677
15544,7.756973
610,8.259509
12608,10.421878
14957,16.620218
4447,5.4276247
6818,5.8076267
7883,13.628668
7887,13.628668
9954,7.2418075
5282,13.880462
11504,23.023664
15964,12.786229
14815,15.018518
3136,4.538293
11832,11.2493305
6534,8.459012
1634,16.109776
6584,9.151895
1053,2.8070924
7530,3.7583954
6140,5.5524797
15319,10.535726
5934,12.719011
7326,19.027267
14099,0.19277915
10456,7.4604373
13130,11.001758
16272,19.703684
17663,16.039946
10109,7.007478
6038,10.477312
19203,3.679367
2556,21.27361
5127,19.945715
19397,21.556852
17682,15.168083
19440,21.106379
15763,2.6967537
3344,15.715388
13049,20.604723
8325,5.1203694
9541,12.963696
8134,3.6767676
16393,6.1804695
13411,14.794469
2227,1.1768167
4098,11.909821
9900,7.8651686
5522,20.564146
19192,10.969746
16905,22.610622
7432,16.336775
14721,2.1509724
9565,10.359801
14622,0.6274333
17456,7.985314
1282,11.078406
7892,13.628668
8016,12.910709
11266,1.9170036
15264,10.348293
7678,2.3556845
16626,10.139126
16775,9.750219
5760,15.870332
20031,11.8175335
14057,12.082961
470,0.0
669,8.875821
9811,13.131544
2091,0.7413717
9560,10.359801
20194,14.504983
16400,9.793
14003,11.957533
14943,16.053354
14674,1.5865482
5932,12.719011
3320,5.616382
20163,11.115032
6966,25.967264
3931,5.426804
18449,8.894284
6730,21.365993
10215,8.675571
19183,8.151691
757,8.449141
9788,12.79851
11820,11.297567
14380,2.8944569
8567,0.0
10817,25.405123
773,7.6867404
11135,8.938415
17768,26.606602
13144,10.439408
1030,2.5090194
3668,13.756147
7055,21.517706
14913,16.131525
9385,11.258937
17073,1.1660867
13068,18.067183
8040,3.9192917
2006,4.1460657
13928,12.2967205
3559,12.022466
1024,2.727723
18135,20.38611
9995,6.888832
6704,19.757324
15500,7.445242
11857,7.802001
8213,3.7797122
11055,20.215384
14499,4.654585
17889,14.561925
18257,15.004295
7583,3.1207988
5380,2.6078625
19003,8.331028
10908,19.183176
1410,24.23378
14367,2.0476072
12447,12.972589
7221,21.714846
1832,4.216547
18242,18.062166
18689,16.011515
18060,13.630197
10517,0.12669769
617,8.259509
19690,7.363759
14216,5.776474
14869,15.230619
10639,16.93464
12779,4.129476
11104,18.794638
6655,28.257162
3003,8.129191
1942,3.7820911
13839,12.677783
16051,12.097601
7520,3.1286488
18045,12.895427
15012,17.880707
10488,0.14077626
6453,10.227036
2887,4.350818
4133,13.544667
11502,23.023664
1096,2.7916284
16238,20.521029
7456,14.733902
10572,2.050524
17031,0.6035557
10862,23.787905
13265,10.273752
1112,14.289194
18182,20.829702
6449,10.227036
3441,16.614548
14291,4.3188887
7564,4.5131636
6611,9.112228
8384,4.5957994
5049,18.467295
12607,10.421878
19320,28.437443
861,3.2916973
16309,17.518337
3713,13.106594
3170,4.813371
12017,2.443494
2087,0.7413717
3500,13.601765
10605,0.11598004
1862,1.3956645
13718,6.0173936
14848,15.347609
17050,0.890576
9272,11.764706
14759,2.2865503
5565,16.059156
12755,3.769033
14310,3.760065
483,1.0882696
6530,8.459012
17189,7.97311
6304,6.758173
1060,2.3837783
6431,11.65821
7091,19.904566
3398,17.948622
5943,11.318914
15289,10.91726
8427,0.0
15010,17.880707
10295,7.5655246
300,0.0
6726,21.365993
2611,18.513966
12737,3.8145397
17779,18.374409
5080,22.578375
17799,18.44275
19253,2.1271868
11764,11.204148
9851,11.229094
11534,25.414762
10421,6.9208
6397,9.03223
6123,5.816093
314,0.0
16942,21.58974
17947,13.565392
6004,12.541411
4195,10.903971
1594,15.986861
6292,6.826202
18671,15.152835
20573,6.161107
12927,5.143344
10522,0.20909321
16648,10.14154
14772,2.5543804
14466,3.6798942
3744,12.430811
9261,15.684612
8272,3.5117514
10497,0.046407264
17823,16.9245
4332,6.014694
5084,22.578375
5301,13.437018
6223,6.59488
9846,11.5201435
1841,1.209619
56,3.027005
12554,9.917632
11931,1.4699937
5621,16.497116
676,8.60182
14288,4.3188887
17992,13.466069
13595,13.517673
10736,25.04245
19166,11.801336
17243,8.523483
15511,7.9454083
2345,22.160105
2586,20.492851
3503,13.601765
10263,8.663477
6632,8.555393
8696,1.9791678
2945,11.314466
5879,14.486542
805,3.1169353
15311,10.728462
878,2.4954822
11107,18.794638
127,4.7182546
8061,4.1488743
947,2.4545217
14173,5.905981
959,1.9508221
14607,5.5822406
1975,5.5883837
17936,13.0969305
16919,22.892035
4603,6.5467043
6018,11.51009
4314,5.865029
8101,3.4975755
19685,7.363759
17026,0.56454104
13343,11.086206
631,9.2088
20396,18.598679
2807,8.880162
12527,11.187131
3147,4.194761
19845,8.038251
5905,12.517839
18746,14.087339
4815,7.1539826
3530,12.335087
11054,20.215384
5800,20.492727
18279,13.753585
8559,2.0958648
2077,0.41169477
9065,27.66198
9240,20.988348
15750,2.7817366
1820,0.83611476
5582,17.023104
9794,12.79851
9270,11.764706
4908,20.72416
17207,7.890016
17500,29.409597
10212,8.675571
3729,14.204207
5593,16.445255
6376,10.356162
5845,15.3942375
19145,9.308952
16726,9.869631
18634,15.617823
2361,25.326773
1264,11.586396
3140,4.194761
5748,16.708443
15552,8.598918
17108,0.8156634
8017,12.910709
10246,8.659226
12566,8.412516
2607,19.422441
6396,9.03223
13247,9.917554
13184,10.24137
4357,6.539345
5312,13.949322
15684,2.1340215
4734,6.7243786
2109,7.1729956
20066,12.760507
16850,27.572618
8554,2.0958648
9444,12.771304
12350,15.395971
6187,5.155218
19349,26.94465
9743,11.765144
14854,15.347609
6171,4.8067474
4191,10.700492
8086,3.6627746
2173,3.9819539
7228,22.71
15735,2.9203882
8464,1.0729383
11819,11.297567
16922,22.892035
6732,21.365993
18394,8.067811
19162,11.005214
19945,12.158396
6838,3.2948568
7589,2.4149048
6859,3.0029743
8971,13.018823
17553,15.699062
1237,13.556979
17501,29.409597
6580,9.151895
16852,22.518175
5398,5.4883714
7795,15.696723
12026,3.0229745
17334,8.571296
13689,6.872345
6624,8.555393
18345,6.8511224
14513,4.805244
12092,4.280822
13266,9.922767
9781,12.358971
11576,20.168518
6370,12.6592045
3102,4.545543
5394,5.4883714
15643,6.5138674
4245,3.667011
13543,12.762387
16024,13.255996
6111,5.481618
10375,6.6397357
6519,8.700267
11286,2.4227102
5549,19.25193
1000,2.0686998
12796,4.3409233
3533,12.335087
5859,15.312889
10907,19.183176
2145,5.8260508
9592,11.025157
9694,13.654268
9702,13.654268
14623,0.6274333
10690,17.954449
17399,7.6714573
5808,18.899183
5673,14.314462
20537,8.807169
736,7.8316154
5658,16.241484
13662,13.32243
14061,12.082961
16661,9.91879
15246,11.682657
17148,1.025603
1375,12.073974
6595,7.1756744
13987,12.65589
10611,0.11598004
12719,3.5894005
19606,7.881716
108,4.2509885
18940,2.5901415
8342,2.4390244
8819,2.7928674
7851,14.239715
17881,14.74905
10844,25.331131
14321,4.175884
8430,0.0
9960,5.9326143
8202,3.3468313
8509,0.0
12048,4.737933
1992,3.1512263
17997,13.466069
11550,22.522396
11216,1.4133166
20054,12.32672
16691,10.903016
17591,5.305643
6769,17.53686
11035,21.566143
2467,22.43772
12600,8.541123
11913,1.1374537
16801,8.84619
14821,15.018518
4000,6.8218193
16353,6.501612
439,0.0
9319,13.3874235
12347,15.395971
1527,20.213032
8000,13.174323
5212,12.915776
10599,1.4013873
17161,1.1858
455,0.0
18213,18.368237
20367,19.004175
17251,8.469416
13210,9.801616
9188,25.487068
19873,13.217145
12925,5.143344
9435,11.307461
9011,6.082873
16839,26.31005
15988,14.009887
8720,2.4598782
3349,15.715388
12344,15.395971
6363,12.6592045
17699,16.091364
15461,8.684641
2537,22.152103
15560,8.598918
14086,0.47299558
5783,13.884822
13078,10.346575
7390,17.70259
10564,0.040577695
13837,12.677783
14538,4.124731
11117,15.415209
19139,9.024017
9409,12.887167
14192,6.8206525
1170,12.942629
16186,20.189264
11415,1.1884396
5086,22.578375
8393,4.5957994
9956,5.9326143
20417,8.499508
6770,17.53686
16380,7.524926
155,5.0782766
11175,0.0
3215,5.0028167
12281,6.263498
19949,12.158396
18241,18.062166
19242,2.9423943
2371,28.763186
18842,16.320358
1134,13.89206
9701,13.654268
5124,19.945715
16068,13.59304
9236,20.988348
13200,10.051406
7565,4.5131636
3671,13.756147
20461,7.411973
3640,14.151018
10658,17.69314
18438,8.894284
9457,12.8016815
7695,3.744693
19566,8.558269
13299,9.279702
3475,17.456633
15826,9.71409
12391,15.376884
10071,5.055193
19783,7.1707997
12708,3.59953
8373,3.516834
4576,5.746925
13817,13.511181
16134,11.810903
13677,12.421999
1010,1.9704837
4355,6.539345
17183,0.97123647
20651,7.265567
18450,8.413517
15469,8.205071
6105,5.2646437
1182,14.257924
15025,17.644712
372,2.5087178
1902,0.0
20654,7.265567
19450,19.691498
6593,7.1756744
15923,13.299966
11402,1.926932
9686,13.140806
16518,14.093479
8225,3.7103686
2124,5.8333335
14230,6.089615
3869,12.23745
6699,19.313246
16431,4.8250904
4868,24.338324
6896,4.9093885
306,0.0
13734,5.7566752
15774,2.14662
17218,7.5295467
19136,9.024017
20603,5.532246
4296,3.58715
5669,16.03199
3819,11.364607
15303,10.106516
6830,1.378187
16465,6.194482
6318,7.0643444
5550,19.25193
16175,21.583015
4114,12.121661
12178,6.3005686
3010,0.13611694
10101,7.007478
5039,18.467295
15098,9.234871
4697,8.395811
6263,7.9275217
18539,6.366448
6200,4.996203
5335,0.7997907
9453,12.771304
4109,11.909821
19717,7.4094396
2909,3.0690498
9141,25.659178
2255,0.0
8298,4.8198247
6410,12.819461
20019,11.853026
20092,13.327582
11771,14.612619
9750,11.765144
15219,7.757757
10755,24.26332
15660,4.263341
3766,12.313561
10261,8.663477
14277,4.6115108
2766,7.7562327
13667,13.32243
16753,8.553417
3985,6.9866195
9042,26.55245
8902,3.6709905
2375,28.873272
7890,13.628668
1940,3.6854072
2238,0.39079446
14373,2.7186794
12212,6.7082753
17560,15.699062
5393,5.4883714
7298,18.654373
5005,16.75806
14280,4.6115108
6045,10.477312
330,2.6551256
3254,5.1749115
12576,10.056658
9971,6.6945033
15032,16.976671
7090,19.904566
8507,0.0
6387,9.12536
16706,9.676658
4250,3.667011
18683,12.726804
8320,5.442873
9051,27.915018
12792,4.1409473
6346,5.13461
14377,2.7186794
5006,19.14019
19300,22.198895
18255,15.004295
14918,16.131525
12849,4.2724266
7395,17.70259
17025,0.56454104
9353,12.117895
17623,11.855709
7625,1.7280691
13561,13.916373
16477,3.6934896
7477,3.4671369
19210,3.679367
17046,0.890576
8833,4.088795
13908,11.640816
18925,2.1021671
10772,26.480335
19672,7.6424394
20592,5.1736526
2148,5.8260508
15558,8.598918
14456,3.2331386
1299,11.29498
7139,17.93163
13885,12.978866
16620,9.242268
125,4.7182546
15324,10.535726
9229,19.894524
8751,2.016955
10153,5.1858125
6853,3.0029743
20434,8.029837
3995,6.8218193
17660,16.039946
20420,8.499508
19921,12.552551
17346,8.706415
12529,11.187131
5012,19.14019
20162,11.115032
9375,13.64991
16,2.6003633
11924,1.4699937
7500,2.7219014
2525,19.24696
16056,12.682139
20637,6.313022
14117,5.739824
10359,6.773502
10712,19.553167
12780,4.129476
3724,13.037255
10087,6.0013356
13501,16.38689
18897,1.5918155
1241,13.556979
18313,13.21447
11920,1.1374537
1713,2.1301625
20572,6.161107
3988,6.9866195
16619,9.242268
15261,10.348293
3426,18.465067
2877,4.897559
6033,11.780867
7815,15.699154
7977,12.605066
5537,19.755962
4351,6.539345
5077,23.730034
2153,5.8260508
15885,13.02019
7819,14.927419
11466,1.8302773
3412,19.16291
18237,18.932026
17680,15.168083
11330,2.2556908
8855,2.7755544
10580,0.0
14468,3.6798942
1953,3.7820911
12671,2.9713438
3038,3.6555974
17149,1.2180269
6643,6.776294
18079,12.968313
13742,5.7566752
2038,1.6678957
4876,23.086979
9073,27.66198
2868,8.410748
20415,8.499508
12306,7.8715944
6074,5.457598
19973,11.189108
15636,6.5138674
3267,5.2046685
14143,5.4303493
11161,5.7496047
131,4.7182546
1162,12.942629
15952,13.320558
10635,17.205814
5068,23.185688
4346,6.5044074
5521,20.564146
9313,13.3874235
7471,3.9306915
17702,16.091364
3890,11.910975
7538,4.1503563
3633,14.151018
16779,9.750219
11317,2.0846815
5941,11.318914
5322,0.11672248
5527,20.564146
1875,0.694348
115,4.2509885
17150,1.2180269
5232,12.876603
2146,5.8260508
13220,10.376517
6437,11.65821
12672,2.9713438
5221,12.240093
6183,5.155218
17583,14.123786
19233,2.8101454
5422,4.8279657
13642,13.216717
10313,7.417108
18380,7.808181
12355,14.400501
3737,14.204207
7438,16.336775
15868,13.018829
13399,14.727778
17446,7.2864633
15384,10.617223
8705,2.1674597
3281,5.348029
8047,3.9192917
2310,0.0
19265,2.8267217
13192,10.24137
8580,0.0
20626,5.707206
3781,12.5672455
17015,0.93236476
3497,13.601765
1928,4.9103107
1510,20.916553
8450,4.321194
6978,25.347427
5255,14.525658
17389,7.6714573
15345,11.579276
4580,5.5307093
10135,5.148071
18883,11.235174
802,3.1169353
13884,12.978866
19815,7.44281
7413,17.57476
15835,9.71409
1342,11.454891
11105,18.794638
12670,2.9713438
2744,0.5854801
18042,12.895427
7165,15.290864
17104,0.8156634
6596,7.1756744
8338,2.4390244
1586,16.271442
831,2.508538
1905,0.0
15586,8.217496
2110,7.1729956
19738,7.220036
525,7.2689996
10139,5.148071
2316,0.0
17012,0.93236476
5891,13.647485
20545,8.609395
5856,15.312889
19021,6.835909
9358,12.117895
7419,17.57476
18204,18.282352
17059,1.051276
13661,13.32243
3382,18.372704
1657,15.978484
5412,4.1711526
1320,11.38372
16253,18.444504
17610,7.1147137
18776,13.122477
12500,9.156671
4327,6.014694
15678,3.012087
13053,20.604723
19143,9.308952
2939,5.2854867
15168,6.5658927
20578,6.161107
9217,20.450901
14231,6.089615
1050,2.8070924
16992,0.69911563
4252,3.667011
16747,8.553417
1456,23.913239
17696,16.091364
14768,2.5543804
7771,16.524858
18113,21.526712
1931,3.6854072
6462,10.172319
646,9.454978
7000,23.86405
6165,5.6600566
17447,7.2864633
5388,2.6078625
6533,8.459012
7727,5.5517
15720,2.5181901
981,2.8215928
5225,12.240093
14009,12.878772
12941,5.451308
17911,14.183612
656,9.454978
20271,22.020992
18490,6.434829
5618,16.497116
15194,5.6351967
7272,20.235987
9093,28.432524
3109,4.545543
16786,9.622239
19164,11.801336
9436,11.307461
15253,10.194176
8089,3.6627746
2221,1.1768167
5319,0.11672248
9431,11.307461
18342,6.8511224
3760,12.6238575
6317,7.0643444
16102,12.666191
9935,5.9956503
9864,7.31455
16991,0.69911563
17309,8.856995
12988,0.0
4128,13.544667
20488,8.557254
17985,13.04878
17896,13.4498625
7428,17.53823
20479,7.576917
5614,16.792702
10016,6.9463797
11960,1.6364684
3676,13.756147
7560,4.5131636
5259,14.525658
4684,7.4720707
4531,5.9745793
6475,9.007092
3656,14.114093
5510,19.694855
7239,22.196579
250,0.0
749,7.659985
9058,25.310427
12243,9.157928
4015,7.5742793
2934,5.2854867
7223,22.71
4774,7.4319005
17609,7.963884
2174,3.9819539
9519,16.308544
10208,8.675571
20151,14.725813
7259,20.585272
13904,11.640816
687,8.652829
2827,8.566982
7036,21.80591
6672,26.163591
19676,7.428202
3210,5.0028167
8265,3.5117514
13042,0.0
15751,2.7817366
3466,17.307861
8905,3.6709905
199,5.803285
4178,11.45239
12280,6.263498
9203,22.175488
653,9.454978
13218,10.376517
12376,13.260691
4014,7.5742793
9875,8.116296
19739,7.220036
16428,4.8250904
15513,7.9454083
5128,19.945715
6218,6.59488
14758,2.2865503
7284,19.055475
8548,1.0515026
6407,12.819461
12234,3.5879495
568,7.0136905
1734,1.8470803
2871,8.410748
9632,12.086024
5507,19.694855
11567,20.026522
7842,14.152234
2421,20.224768
5626,16.497116
3468,17.307861
17574,14.123786
224,3.50874
3741,12.430811
17345,8.706415
18090,13.906234
20444,7.36156
19406,22.303623
2675,19.40123
17731,27.845798
12896,5.1627836
19586,8.219736
15033,16.976671
18572,6.599621
9548,12.963696
890,2.1833441
8155,3.6719968
19787,7.1707997
2308,0.0
14843,15.712745
4821,6.0858274
5456,5.5349464
18531,6.379949
19816,7.44281
13303,9.806324
1009,1.9704837
6254,7.9275217
7926,11.943904
14574,5.3114705
1566,17.872972
13205,10.051406
17006,0.93236476
12310,8.279819
17027,0.56454104
14839,15.712745
16614,9.242268
4601,6.666241
3790,11.930406
12486,8.056882
8497,3.1773603
8648,1.9987987
9045,26.55245
1907,3.004797
14286,4.3188887
14511,4.6620893
2947,11.314466
17311,8.856995
2838,8.744517
6433,11.65821
16347,7.9614663
16049,12.097601
3814,11.364607
14942,16.053354
16832,26.31005
15043,17.682285
1500,20.564405
16542,10.637481
4344,6.5044074
4995,16.75806
9041,26.55245
13842,12.993345
4751,6.408744
8156,3.1987653
9946,7.2418075
12675,2.9713438
14875,15.026225
10811,25.405123
11751,14.414314
20629,6.313022
1481,21.191097
1704,2.1301625
5571,16.059156
12558,8.412516
18713,13.7662
1406,25.237324
12251,7.849115
17634,12.410472
9405,9.689561
267,1.5794046
2330,0.0
9622,12.044592
12222,6.7082753
11185,0.0
15375,10.415182
16711,9.249326
7458,14.733902
6100,5.2646437
105,1.9311233
18464,7.4535875
18362,6.7528443
2532,22.152103
16741,8.275554
14683,2.0864475
12149,8.09627
13933,12.2967205
10026,6.9463797
19025,6.835909
4668,5.4895544
8483,1.0624057
16374,10.203821
12291,5.462744
18103,21.443144
3445,16.614548
9618,11.846062
13927,12.2967205
9342,11.892822
137,4.360165
10823,24.93574
2577,20.176641
16532,11.565662
4331,6.014694
14811,14.133451
13123,11.001758
9202,22.175488
467,0.0
759,8.449141
13808,13.165398
15905,13.21662
9373,13.64991
18618,7.7036786
15907,13.21662
6866,3.253095
10438,7.495367
17159,1.2180269
18556,6.292479
4299,3.58715
11975,0.0
189,4.4759784
2235,0.39079446
9749,11.765144
15192,5.6351967
14420,3.1448734
13402,14.727778
9669,12.177361
5063,23.185688
7529,3.7583954
11594,20.634256
15263,10.348293
15756,2.6967537
1047,2.8070924
1023,2.727723
19119,10.039356
16997,0.6581451
6476,9.007092
11745,11.330001
6075,5.457598
11093,6.363752
20086,12.939983
12,2.6003633
3606,10.418105
11288,2.4227102
4081,11.793901
18476,7.079019
10795,25.16959
9249,17.145306
1799,0.7598784
4707,8.505945
12484,8.056882
6466,10.172319
17000,0.6581451
10099,7.007478
18500,5.8536735
5648,17.633392
18803,13.998647
2488,21.061893
4755,6.408744
13597,13.517673
10343,7.2488337
1613,16.081755
1040,2.5090194
10742,25.04245
19565,8.558269
11026,22.897192
20302,16.220558
4056,11.184106
1405,25.237324
13583,13.353147
20259,16.301735
5336,0.7997907
8060,4.1488743
16977,0.45880365
11157,7.317644
15235,12.272015
2509,20.985352
16331,15.695186
1622,15.862616
7002,23.86405
3192,4.739508
9825,12.841149
13347,11.086206
8517,0.0
4300,3.58715
2420,20.224768
13843,12.993345
659,8.875821
14002,11.957533
530,7.316873
13441,13.534156
8964,10.928448
12774,4.129476
19483,1.8278272
20361,17.491093
1225,13.376665
3892,11.910975
9837,11.5201435
1559,18.293848
12982,0.0
2512,20.985352
9408,12.887167
9333,13.256792
16148,20.33709
14962,16.620218
4185,10.700492
15302,10.106516
7262,20.585272
16209,18.980114
11527,25.414762
9057,25.310427
14374,2.7186794
8494,3.1773603
17860,14.450207
17169,1.1858
3761,12.6238575
2269,0.38548422
12430,16.69225
19941,12.281155
3278,5.1913314
11822,11.297567
9076,25.102615
16195,20.257454
9503,12.447937
9858,11.229094
384,0.0
19622,7.571047
1161,12.942629
11097,6.363752
17157,1.2180269
4287,3.4752758
14405,2.9405086
13768,16.99139
5019,17.109837
2510,20.985352
8852,2.7755544
6002,12.541411
14559,5.186741
6746,17.779903
18574,6.599621
5046,18.467295
12947,5.451308
8776,2.3110042
4418,5.482429
18559,6.426954
18541,6.366448
20220,15.242364
11519,25.489365
10610,0.11598004
3757,12.6238575
13728,6.5891547
6338,5.13461
13037,0.0
4350,6.539345
7973,12.955024
15030,16.976671
2520,19.24696
18157,20.265541
7024,22.275955
15,2.6003633
15978,14.8160095
15156,8.5393
13139,10.439408
17042,0.890576
2539,22.152103
135,4.360165
9827,12.841149
18282,13.753585
6062,5.4335275
1503,20.564405
13572,13.017717
16047,12.097601
2035,3.2939222
12283,5.462744
2733,1.2330456
17864,14.450207
7571,4.5131636
16912,22.610622
16883,21.28782
6150,5.1236596
4613,6.5467043
14801,14.133451
13324,10.222154
16105,12.666191
19205,3.679367
10394,6.8479424
6014,11.51009
5468,5.4670744
8088,3.6627746
15891,13.02019
288,0.0
10276,8.302214
4075,11.793901
20581,5.368905
14708,1.8517874
14876,15.026225
18102,21.443144
13796,14.711383
8970,13.018823
8446,4.321194
6055,5.090369
15074,16.456076
648,9.454978
20583,5.368905
13702,7.1264124
18337,7.3259764
6678,24.89115
15326,10.535726
9020,5.3265233
11086,6.363752
11994,0.30160543
1819,0.83611476
11711,15.115905
15135,8.075448
633,9.2088
20387,17.252983
7310,18.823204
9002,9.104041
9171,25.80175
8807,2.6146924
16543,10.637481
3605,10.418105
3914,6.3455462
1782,1.5943497
1254,12.623803
12511,10.486083
744,7.659985
3947,6.013131
1328,11.60808
14387,2.8944569
1647,15.887886
15802,2.4426184
18578,6.599621
11785,17.25618
19957,11.50075
18687,16.011515
14694,1.7515761
9763,11.374059
12810,4.2608147
1788,0.7949577
3943,6.013131
16371,10.203821
17785,18.374409
20357,17.491093
1607,16.081755
17527,25.48989
1628,16.109776
14324,4.175884
10248,8.659226
4770,7.4319005
15039,16.976671
18733,11.84717
9172,25.80175
20273,22.020992
921,1.8711425
13871,14.015283
16283,17.379732
9263,15.684612
10985,29.036146
15334,12.288282
14907,16.12051
16359,6.501612
3906,6.3455462
9087,23.278196
16336,15.695186
14672,1.5865482
7507,2.7219014
7524,3.7583954
11482,26.022924
5071,23.730034
2223,1.1768167
1090,2.7916284
5703,13.929864
20615,5.707206
5989,11.231563
1720,2.2604547
13469,15.731974
13638,13.216717
4373,6.347677
17861,14.450207
1212,14.102947
9613,11.846062
16672,10.209057
4225,2.889983
18695,16.011515
11349,2.254412
18015,14.184686
19681,7.428202
14750,2.1766815
7474,3.9306915
18511,6.369014
9003,6.082873
13256,10.273752
8135,3.6767676
12261,5.045116
15841,10.070836
13086,11.413551
4534,5.9745793
12733,3.925434
13419,14.794469
9367,19.25128
4663,5.4895544
18417,8.754355
5567,16.059156
10441,7.495367
15186,5.7813625
17215,7.5295467
4621,5.7019863
15452,8.274351
8867,2.7578595
7676,2.3556845
11015,24.529049
10165,4.550184
17280,8.705542
15752,2.7817366
15605,7.1414747
2248,3.5035405
6162,5.6600566
6874,1.7448376
15009,17.880707
13641,13.216717
11574,20.168518
16394,6.1804695
13047,20.604723
15777,2.14662
12360,14.400501
14258,5.894216
2272,0.38548422
10566,0.040577695
4481,4.805081
14354,2.78072
4363,6.347677
976,2.8215928
15955,13.320558
1547,18.855139
3667,13.756147
19221,3.9110694
13932,12.2967205
15331,12.288282
17254,8.469416
10693,18.493076
2984,7.673125
10354,6.773502
19496,1.7733644
1068,2.0691903
5940,11.318914
8895,3.3353179
5691,14.045209
10723,26.360422
8736,1.865598
3451,17.664877
20177,14.432566
13815,13.165398
18653,14.391665
11923,1.4699937
19917,12.860446
3855,12.180094
3142,4.194761
11815,10.229982
6423,11.037548
18590,6.5183954
3976,7.21062
7146,17.082644
9484,15.613333
15838,10.070836
2988,7.673125
17434,7.243891
7545,4.1503563
21,2.6003633
4678,7.4720707
7121,18.840746
9737,12.3645
3176,4.7290077
4997,16.75806
538,7.2497993
1690,1.8516113
7222,22.71
11828,11.297567
11406,1.926932
10023,6.9463797
13241,9.879371
18849,16.320358
6427,11.037548
5983,10.790019
15537,7.5735145
12223,3.5879495
1581,16.481836
14416,3.1448734
14079,0.49855247
11954,0.3460974
6246,7.229279
3706,13.106594
12187,4.946487
2641,19.78696
3319,5.616382
3701,14.224048
2889,4.350818
2774,4.421697
4408,5.3659697
2652,19.713703
20090,13.327582
8474,6.4044404
4632,6.6256137
4749,6.408744
3480,17.456633
15578,8.217496
7624,1.7280691
19535,1.415864
1677,15.220115
1434,22.92304
9506,12.447937
2763,7.7562327
4743,6.7243786
17895,14.561925
17530,22.440752
9635,12.086024
6568,8.910246
19567,8.558269
19598,8.037096
11037,21.566143
16113,11.655618
6693,19.313246
8098,3.4975755
8361,0.0
6873,1.7448376
2932,5.4310637
5333,0.7997907
13410,14.794469
9060,25.310427
8165,3.1987653
3978,6.9866195
3552,12.022466
16187,20.189264
20076,12.939983
3029,3.6555974
7084,19.904566
507,6.5860987
11810,10.229982
16526,14.093479
6767,18.935293
10615,1.9223102
1308,11.635009
8390,4.5957994
19989,11.531207
4285,3.4752758
6110,5.481618
4781,7.4319005
13233,9.879371
2572,21.327765
10818,25.405123
9540,12.963696
8893,3.3353179
12866,4.543382
17100,1.0096018
4239,3.302361
11060,20.215384
19437,21.106379
16844,27.572618
12349,15.395971
3177,4.7290077
9043,26.55245
18908,2.2754714
10695,18.493076
15179,6.5658927
13721,6.5891547
19485,1.8278272
8432,0.0
6552,9.162632
8771,2.399701
11397,1.3949096
9810,11.395458
5449,4.420948
1392,13.610131
2200,0.0
19244,2.9423943
10399,6.92916
10499,0.046407264
13122,11.001758
140,4.360165
18548,6.292479
15349,10.966268
10979,27.982967
18317,13.21447
20028,11.8175335
16088,12.49772
17777,25.718252
13793,14.711383
15430,7.952791
2158,7.048093
18205,18.282352
17656,16.039946
606,7.303723
7677,2.3556845
5931,12.719011
6438,11.65821
13182,10.24137
16339,15.695186
12661,2.8116364
20330,18.653109
7383,17.410212
18405,7.429409
2726,1.2330456
16679,10.740785
12495,8.793472
1475,21.191097
12707,3.59953
11048,23.081905
20586,5.368905
1371,12.073974
19462,18.772875
12126,7.592801
8136,3.6767676
14575,5.3114705
12407,12.05891
5787,14.759335
7984,12.605066
14365,2.0476072
3532,12.335087
13059,21.357634
5746,16.708443
1851,1.6809132
18991,8.632411
14464,3.6798942
7016,24.576529
17272,9.017511
5968,11.978147
9914,8.586349
9874,8.116296
16341,7.9614663
14619,6.448217
4887,22.486645
20388,17.252983
5632,15.72936
4641,6.7537737
14576,5.3114705
7735,18.575537
13998,11.957533
17236,8.523483
3983,6.9866195
15776,2.14662
18448,8.894284
3493,14.573279
14243,5.5212264
11869,12.763364
1020,2.727723
801,7.7406273
4766,6.7337475
8831,4.088795
1662,16.140196
2283,1.9177809
16031,11.868116
5666,16.03199
14923,16.300985
3830,11.557925
1919,4.9103107
15259,10.194176
2252,3.5035405
17790,18.44275
4795,7.0392823
7831,14.281838
17105,0.8156634
9675,12.177361
10053,5.7936835
13930,12.2967205
7743,18.557299
2090,0.7413717
12624,9.005514
7927,11.943904
2102,6.751055
10186,8.1758175
2434,19.209076
11435,1.6015109
1426,23.849657
7719,5.5517
16468,6.194482
544,7.2497993
6586,9.151895
5699,13.929864
18429,9.174398
408,1.2029207
14978,15.970515
4465,5.0179687
8198,3.3468313
12465,12.132381
3290,5.348029
9250,17.145306
12502,9.156671
9923,7.232256
2681,18.002785
6821,5.8076267
12582,9.741247
6546,7.5703936
6685,21.18751
17373,8.250905
11057,20.215384
8468,6.4044404
9412,12.887167
8351,0.0
480,1.0882696
2034,3.2939222
15113,9.21124
8737,1.865598
18281,13.753585
15425,7.952791
215,0.0
14436,3.5839741
20553,8.609395
18200,18.282352
5092,21.852013
12425,15.102797
15915,13.379194
1138,12.449603
9004,6.082873
16232,20.521029
12606,10.421878
16957,0.26993245
6816,5.8076267
9999,6.888832
6657,28.176716
9345,11.892822
15600,7.1414747
2676,18.002785
10446,7.495367
978,2.8215928
8555,2.0958648
12646,2.6355798
11984,0.30160543
13988,12.65589
14159,5.318931
14967,16.620218
10148,5.1858125
14730,2.3392193
944,1.6618123
10694,18.493076
14174,5.905981
19554,8.435456
16099,13.102895
13274,9.922767
5729,16.050364
19358,24.835169
18920,1.6873827
13427,15.236741
18032,12.515977
3355,16.413857
15749,2.7817366
3161,4.813371
5589,16.445255
11209,1.4133166
11933,1.4699937
4243,3.667011
17745,26.374758
2465,22.43772
7483,3.4671369
12573,10.056658
8508,0.0
1575,16.481836
15831,9.71409
975,2.8215928
434,0.0
8193,3.3468313
580,6.7545457
16240,20.521029
18197,18.282352
11208,1.4133166
6428,11.037548
7717,5.5517
15950,13.320558
11472,27.577251
9544,12.963696
14427,3.1448734
16470,3.6934896
12740,3.8145397
5415,4.8279657
14391,2.8944569
7987,12.605066
10143,5.148071
9650,13.648539
19346,27.216663
11772,14.612619
9442,11.307461
6507,9.974369
10983,29.036146
630,9.2088
6929,4.087164
7161,17.272156
12133,6.3417487
14766,2.5543804
10702,18.493076
6163,5.6600566
12766,3.8530664
18118,21.526712
5518,20.564146
624,9.2088
1584,16.271442
9094,28.432524
17216,7.5295467
16859,22.518175
16378,7.524926
5780,13.884822
20078,12.939983
15007,17.880707
10535,0.08279116
11753,14.414314
2056,1.6312298
2479,22.619684
17668,17.662739
3376,18.372704
15724,2.5181901
79,5.111694
1352,12.147516
8631,1.9795284
4401,5.3659697
9180,26.161432
11959,1.6364684
9597,9.859368
19275,2.7217767
17287,8.705542
9517,16.308544
9577,10.60853
6278,7.341875
13640,13.216717
9430,12.003099
9159,25.919146
13511,14.538078
32,1.754817
16003,13.196986
4202,10.903971
17657,16.039946
8378,3.516834
19990,11.531207
1238,13.556979
3287,5.348029
1110,13.930537
3926,6.6296015
1129,13.89206
15757,2.6967537
17907,13.4498625
7137,17.93163
19736,7.220036
11385,1.6585808
20024,11.853026
5359,2.4241974
10620,1.9223102
12776,4.129476
3578,10.812684
1798,0.7598784
10761,24.72356
1855,1.6809132
15008,17.880707
20347,16.40815
6737,17.779903
17289,8.705542
4752,6.408744
15388,10.617223
2186,0.7923742
15557,8.598918
8942,16.03984
13316,10.222154
10216,8.675571
1274,11.212147
3580,10.812684
13306,9.806324
16573,13.163129
16357,6.501612
13965,10.979386
11698,17.331451
19664,7.6424394
16395,6.1804695
10187,8.1758175
1140,12.449603
11137,8.938415
469,0.0
8617,2.056223
3898,12.168753
872,3.7755575
18537,6.366448
4005,7.6122603
11706,15.115905
18922,1.6873827
20210,13.244462
19334,28.054113
20315,17.15709
1338,11.60808
17587,5.305643
9584,11.025157
12815,4.2608147
14314,3.760065
18623,7.7036786
244,0.0
9377,13.64991
13046,20.604723
10959,26.42223
11285,2.4227102
13429,15.236741
10464,7.1376104
18832,10.790881
8897,3.6709905
12625,9.005514
19373,23.634117
850,3.2916973
9110,29.328016
3342,15.715388
18164,19.487778
11683,20.631685
5759,15.870332
6681,24.89115
19404,22.303623
5390,5.4883714
10910,19.183176
3846,12.180094
10734,26.028944
19923,12.552551
17988,13.04878
6622,9.112228
18243,18.062166
16907,22.610622
14178,5.714192
14581,5.3114705
7640,2.5030687
731,7.8316154
8715,2.1674597
1495,20.564405
17869,14.450207
5641,17.633392
16228,20.357042
2064,1.5809908
16456,7.1526494
16001,13.196986
4263,3.587702
5584,16.445255
16377,7.524926
12363,14.400501
4990,18.458773
20525,8.415411
6774,17.53686
15518,8.246307
13237,9.879371
2061,1.6312298
8496,3.1773603
19070,9.879976
10243,8.659226
454,0.0
14164,5.905981
12232,3.5879495
8629,1.9795284
13180,10.309069
19248,2.1271868
15498,7.445242
3691,14.224048
5484,5.024892
14439,3.5839741
1868,1.3956645
11858,7.802001
18041,12.895427
4025,7.5742793
12808,4.2608147
17579,14.123786
5003,16.75806
12158,5.0740275
13088,11.413551
9314,13.3874235
5795,20.492727
10318,7.46238
20060,12.32672
1730,1.8470803
11710,15.115905
5268,14.225858
6945,29.128864
18558,6.426954
6356,7.3826766
7124,18.840746
15237,12.272015
20199,14.504983
10592,1.4013873
8346,2.4390244
17302,8.520937
8336,2.4390244
11020,24.529049
14896,16.12051
14438,3.5839741
18881,11.235174
16895,22.370089
6621,9.112228
3455,17.664877
15935,12.838561
9656,14.437231
7151,17.082644
12920,5.143344
18483,7.079019
19801,7.460703
15514,7.9454083
9233,20.988348
8602,0.0
1694,1.8516113
1542,18.855139
2445,19.919178
11831,11.2493305
8490,3.1773603
14733,2.3392193
2000,3.1512263
7915,12.40026
14115,4.5696244
19550,8.66913
9380,13.64991
5671,16.03199
3974,7.21062
6510,9.974369
5807,18.899183
2202,0.0
2377,28.873272
6335,4.8098087
16731,9.869631
14504,4.6620893
15272,10.199088
10836,25.331131
14797,2.90849
5424,4.8279657
9795,12.79851
19915,12.860446
13119,10.863794
14262,5.506277
13061,21.357634
1417,24.23378
7884,13.628668
7342,19.288364
17033,0.6035557
13295,9.279702
6987,25.347427
3725,13.037255
5072,23.730034
271,1.5794046
9256,15.684612
2076,0.41169477
1052,2.8070924
6909,4.8948574
9466,12.8016815
13381,11.664446
19818,8.027719
7803,15.696723
13944,12.295011
16150,20.33709
3420,18.465067
2400,21.346226
17263,8.890984
16549,10.166429
11773,14.612619
18383,7.808181
13699,7.1264124
19849,8.038251
8553,2.0958648
10526,0.20909321
2243,3.5035405
2684,18.002785
15848,10.070836
609,7.303723
9371,13.64991
463,0.0
126,4.7182546
16258,18.444504
17575,14.123786
14302,3.9761503
10022,6.9463797
200,5.803285
15394,10.617223
19134,9.024017
2482,22.619684
14823,15.018518
2041,1.6678957
9357,12.117895
7021,22.275955
17141,1.025603
803,3.1169353
4183,10.700492
20121,13.86347
7378,17.410212
18062,13.630197
4323,5.865029
19850,8.038251
18315,13.21447
14735,2.3392193
14050,11.352388
18810,11.281898
11008,26.707241
4855,22.025099
20599,5.1736526
4233,3.302361
2219,1.1768167
393,0.0
6635,6.776294
1158,13.795062
12490,8.793472
17001,0.6581451
8985,14.96187
7453,14.733902
5489,5.0608425
16033,11.868116
6857,3.0029743
6305,6.758173
11882,11.901485
13195,10.051406
13539,14.114679
171,0.0
5274,13.880462
11538,22.033236
15785,1.7327378
20616,5.707206
12034,5.384385
2281,1.9177809
17201,7.890016
4030,10.564005
20221,15.242364
10627,17.205814
11063,18.355247
12008,2.443494
10796,25.16959
1333,11.60808
3353,16.413857
1115,14.289194
3312,5.6081643
15118,9.21124
1152,13.795062
6329,4.8098087
3473,17.456633
9605,9.859368
18576,6.599621
6841,3.2948568
20518,7.7656126
4484,4.921513
2393,24.275425
12120,7.592801
18855,10.448153
1744,0.72072625
1849,1.6809132
63,5.7098713
17154,1.2180269
875,2.4954822
8306,5.1096272
6684,21.18751
4914,20.470467
3456,17.664877
16701,9.676658
4366,6.347677
8106,3.4975755
6872,3.253095
7501,2.7219014
18657,14.391665
5478,5.024892
7686,2.47566
19043,6.3904457
3234,5.0515366
18331,7.3259764
13002,0.0
3810,11.364607
2989,7.673125
6680,24.89115
4818,6.0858274
17470,8.75697
19523,1.70976
10858,23.787905
20380,17.252983
14290,4.3188887
14318,3.760065
9918,8.586349
19176,8.151691
9649,13.648539
17398,7.6714573
16536,11.565662
15687,2.1340215
11896,0.0
3512,13.26301
1026,2.727723
11391,1.3949096
18201,18.282352
8263,3.647518
6713,19.757324
11314,2.0846815
5017,17.109837
10240,8.439049
2334,0.0
20520,8.415411
16414,7.287656
16642,9.829198
19604,7.881716
12749,3.769033
12050,4.737933
1119,14.289194
5708,14.732213
19756,6.791239
3522,13.277148
17214,7.5295467
4026,10.564005
8510,0.0
15664,4.263341
3060,3.8005352
20198,14.504983
14453,3.2331386
3001,8.129191
18680,12.726804
13050,20.604723
19493,1.7733644
12224,3.5879495
8919,3.4646251
6289,6.826202
18034,12.515977
12722,3.5894005
19706,7.083629
6540,7.5703936
13387,13.244797
16980,0.45880365
1673,15.220115
1507,20.916553
16037,11.868116
3130,4.538293
19652,7.9665666
3032,3.6555974
5929,12.719011
10090,6.0013356
3013,0.13611694
10310,7.417108
3002,8.129191
5876,14.486542
11336,2.2556908
14833,16.045319
11775,14.612619
1094,2.7916284
12123,7.592801
10485,0.14077626
7191,21.534231
9389,11.258937
18904,2.2754714
9525,16.308544
17616,7.1147137
1222,13.376665
19276,2.7217767
16600,11.155704
3045,3.839685
17086,0.93545085
285,0.0
17347,8.706415
7200,21.586662
276,0.0
9782,12.358971
902,1.8549747
7622,1.7280691
3223,4.9822307
3584,12.529362
16211,18.980114
12732,3.925434
15769,2.14662
8469,6.4044404
12772,4.129476
1676,15.220115
6856,3.0029743
18969,2.1313162
12862,4.543382
17520,25.189764
13098,11.162771
15299,10.106516
17630,11.855709
18029,12.515977
16697,10.903016
18025,12.931926
11887,11.901485
18648,13.430127
14684,2.0864475
5087,22.578375
17836,16.373133
4380,5.9640665
53,3.027005
19351,26.94465
18456,8.413517
13360,11.673317
14368,2.7186794
9561,10.359801
9245,17.145306
1312,11.635009
20390,18.598679
4808,7.1539826
11967,1.6364684
14235,6.089615
20287,17.450743
15038,16.976671
9105,29.328016
16042,12.097601
17297,8.520937
7991,13.059236
14904,16.12051
19364,24.835169
16740,8.275554
6244,7.229279
4992,18.458773
19189,10.969746
7420,17.53823
19640,7.9042087
18434,9.174398
1021,2.727723
1391,13.610131
19537,1.415864
15427,7.952791
17742,26.374758
16841,26.31005
17195,7.97311
8327,5.1203694
7523,3.1286488
19529,1.415864
5797,20.492727
8385,4.5957994
3513,13.26301
2126,5.8333335
1588,16.271442
20621,5.707206
10095,6.0013356
17834,16.197502
9156,25.919146
16015,12.654376
19666,7.6424394
3116,4.5960646
17856,15.143275
17618,7.1147137
16412,7.287656
14351,2.78072
5356,2.4241974
14828,16.045319
12161,5.0740275
4404,5.3659697
16906,22.610622
4560,5.3627987
58,3.027005
14432,3.5839741
14170,5.905981
144,5.0782766
18149,19.15933
11051,23.081905
9082,23.278196
17164,1.1858
2335,0.0
13024,20.232086
6970,27.40919
13512,14.538078
12064,4.389816
19886,13.055441
4981,18.737919
6327,4.8098087
20535,8.807169
15073,16.456076
6284,7.341875
14431,3.5839741
3748,12.430811
4673,5.4895544
16597,10.520833
13741,5.7566752
9266,11.764706
12434,16.69225
11593,20.634256
8357,0.0
11119,15.415209
1314,11.635009
5079,22.578375
1377,13.184305
2142,6.6777964
13983,11.292262
18791,12.055677
3537,12.335087
11172,0.0
19417,20.99231
11506,21.634499
1570,17.872972
9078,25.102615
13322,10.222154
14146,5.4303493
19408,22.303623
20113,13.86347
8421,0.0
11566,20.026522
3277,5.1913314
10433,7.33614
8,1.6651905
6391,9.12536
2917,4.0970325
397,0.0
7133,17.93163
10159,4.550184
11241,1.7206008
3035,3.6555974
9028,24.806192
1252,12.623803
3885,11.910975
16084,12.49772
7338,19.288364
14872,15.026225
20445,7.36156
12904,4.920052
19769,7.318979
20656,7.265567
4104,11.909821
16361,6.501612
5334,0.7997907
5892,13.647485
4035,10.564005
2433,19.209076
77,5.111694
20569,6.161107
17608,7.963884
474,0.0
11633,17.204302
6844,3.2948568
11260,2.0401855
18496,6.434829
12374,13.260691
19952,12.158396
8030,3.6289904
7988,13.059236
13156,10.835732
20081,12.939983
6,1.6651905
1603,15.986861
17091,1.0096018
16224,20.357042
14398,2.3676157
18977,9.675953
16422,4.8250904
3921,6.6296015
14981,14.552127
11877,11.901485
15296,10.106516
12524,11.187131
18514,6.369014
1169,12.942629
9499,9.137829
2478,22.619684
6888,4.9093885
2191,0.7923742
10284,7.5809875
13006,0.0
1077,2.0691903
12836,4.2957754
15806,2.8035634
5782,13.884822
14388,2.8944569
9153,25.59298
6750,17.447998
5022,17.109837
11546,22.522396
15406,8.5625725
10683,17.954449
13036,0.0
5457,5.5349464
13696,7.1264124
3770,12.313561
19474,2.2427638
6985,25.347427
7655,4.5205894
17959,14.276305
5965,11.978147
331,2.6551256
12282,6.263498
15338,11.579276
2341,22.160105
14379,2.7186794
20402,19.744295
9404,9.689561
15107,10.010088
12969,0.0
9586,11.025157
3523,13.277148
19803,7.460703
18183,20.829702
5350,1.0135878
18595,6.463862
6984,25.347427
10548,0.08195291
12353,15.395971
12197,4.946487
13212,9.801616
18636,15.617823
4848,23.715883
4721,6.997512
20664,7.670198
10188,8.1758175
8940,16.03984
5692,14.045209
323,0.0
12423,15.102797
15699,3.084811
17298,8.520937
16054,12.682139
12327,15.620019
14656,1.3742632
1105,13.930537
14842,15.712745
10166,4.550184
19807,7.44281
4758,6.7337475
4068,11.388237
12441,12.972589
11612,21.217966
13082,10.346575
1221,13.376665
11280,2.4227102
1680,15.220115
11047,23.081905
16580,8.465871
828,2.508538
10688,17.954449
19188,10.969746
252,0.0
9629,12.044592
18703,12.627737
11160,5.7496047
1939,3.6854072
15433,9.264513
10731,26.028944
18732,14.641364
12981,0.0
3784,12.5672455
175,0.0
3036,3.6555974
13097,11.413551
18927,2.1021671
326,2.6551256
12620,9.005514
3870,11.430177
5454,5.5349464
20035,11.8175335
6608,8.6827545
8823,2.7928674
3928,6.6296015
17499,29.409597
19041,6.3904457
6071,5.4335275
15484,6.7821603
1736,1.8470803
124,4.7182546
7134,17.93163
3037,3.6555974
4600,6.666241
15234,12.272015
14421,3.1448734
9748,11.765144
18859,10.448153
2432,19.209076
7766,16.524858
5661,16.03199
13403,14.727778
11937,0.3564732
13920,11.747846
19011,7.2048273
3843,11.7289
14097,0.19277915
6186,5.155218
8838,4.1343226
10779,24.92448
1739,0.72072625
13145,10.439408
10880,21.814718
4820,6.0858274
788,8.226281
9625,12.044592
2496,21.061893
10501,0.046407264
19421,20.99231
14013,12.878772
19712,7.4094396
12826,4.418484
7265,20.585272
11953,0.3460974
3119,4.5960646
7076,21.326414
18704,12.627737
5061,23.185688
10039,6.831852
15407,8.5625725
13165,10.737779
5174,15.325283
14585,4.828557
5810,18.899183
12019,3.0229745
10637,17.205814
16632,10.139126
20648,6.955545
3653,14.016572
4248,3.667011
17801,18.44275
13466,16.153893
9654,13.648539
8045,3.9192917
10025,6.9463797
5542,19.25193
15913,13.379194
18354,6.7528443
14372,2.7186794
8333,5.1203694
8684,1.7775612
15041,17.682285
10280,7.5809875
5868,14.564049
19826,8.027719
6914,4.8948574
17338,8.571296
19802,7.460703
15000,15.668988
15961,12.786229
15865,13.018829
14817,15.018518
12890,4.5883923
14545,4.124731
20100,13.608722
16623,10.139126
10133,6.0602984
4077,11.793901
6780,19.4065
16311,17.518337
6882,1.7448376
16784,9.622239
6258,7.9275217
19707,7.083629
17022,0.56454104
13045,20.604723
4398,5.3659697
16695,10.903016
2459,22.635767
16090,13.102895
18601,6.463862
13164,10.737779
7823,14.927419
20139,14.364077
13874,14.015283
9599,9.859368
2587,20.492851
19794,7.460703
4397,5.8127613
4168,12.739788
18286,13.665823
6718,19.145494
4945,18.79599
9884,8.302644
7040,21.80591
17891,14.561925
11821,11.297567
16715,9.249326
3397,17.948622
15305,10.728462
11471,27.577251
15683,3.012087
13181,10.309069
7185,14.107075
18554,6.292479
17264,8.890984
5852,15.312889
17972,13.957484
9552,14.882447
15285,10.91726
5733,16.050364
16596,10.520833
690,8.652829
6787,19.4065
17061,1.051276
5481,5.024892
8440,0.0
1740,0.72072625
12352,15.395971
15350,10.966268
17600,7.963884
14,2.6003633
8543,1.0515026
16903,22.610622
16259,18.444504
5645,17.633392
13433,13.534156
2177,3.9819539
5668,16.03199
6895,4.9093885
1399,13.610131
7807,15.699154
15715,3.675551
1279,11.212147
19315,25.613953
6383,9.12536
7847,14.152234
13473,15.731974
2321,0.0
1766,1.0347775
11662,18.57106
9474,12.153786
3141,4.194761
9326,13.256792
4814,7.1539826
13386,13.244797
3309,5.6081643
10692,17.954449
2673,19.40123
1265,11.586396
19241,2.9423943
9826,12.841149
10612,0.11598004
9512,12.447937
1419,24.23378
17578,14.123786
4027,10.564005
14266,5.506277
177,0.0
15140,8.075448
12113,3.3955858
15533,7.5735145
10457,7.4604373
9209,22.175488
10241,8.439049
19843,8.038251
8109,3.6492057
8238,3.0787742
482,1.0882696
7981,12.605066
15065,16.456076
9987,6.981742
15555,8.598918
10906,19.183176
17130,0.76484716
41,3.0309293
3027,8.565559
3909,6.3455462
8505,0.0
15102,10.010088
17350,8.706415
3074,3.9451213
7541,4.1503563
12061,4.389816
4784,7.460724
13692,6.872345
10719,26.360422
18030,12.515977
15208,5.37983
4831,20.65638
17494,8.156332
14877,15.026225
14165,5.905981
14569,4.0291233
15310,10.728462
13141,10.439408
7445,16.024017
15758,2.6967537
5435,3.7461603
7010,24.576529
6306,6.758173
15385,10.617223
15789,1.7327378
4073,11.388237
1524,19.503416
13290,9.279702
10487,0.14077626
10638,16.93464
15654,0.0
14101,0.19277915
17695,16.091364
19898,12.934819
13289,8.777728
20433,8.029837
13870,14.015283
284,0.0
18022,12.931926
13396,14.727778
1933,3.6854072
14498,4.654585
1790,0.7949577
6016,11.51009
6828,1.378187
165,0.0
6616,9.112228
7919,11.943904
4199,10.903971
7755,17.677261
15202,5.6351967
9778,12.358971
1178,14.257924
3415,19.16291
6993,24.813665
19387,22.697514
14039,11.6200905
18522,6.379949
20507,7.7656126
11289,2.4227102
14641,1.4899201
16955,0.37857077
6161,5.6600566
19169,11.801336
11353,2.5206401
6044,10.477312
10314,7.417108
19680,7.428202
14094,0.19277915
17506,26.582558
5397,5.4883714
2979,5.5575895
13832,12.677783
5389,2.6078625
10347,7.2488337
16582,8.465871
17097,1.0096018
2372,28.763186
16249,19.302073
3065,3.9451213
5644,17.633392
6979,25.347427
9500,9.137829
541,7.2497993
4701,8.505945
11065,18.355247
13423,15.236741
8716,2.4598782
3166,4.813371
17281,8.705542
7230,22.71
14214,5.776474
569,7.0136905
15713,3.675551
9277,10.810811
12784,4.1409473
19002,8.331028
6446,10.227036
14210,6.3732395
14597,5.5822406
6270,7.1920238
7491,4.0892415
7315,18.823204
20012,11.61335
6121,5.816093
13637,13.216717
5265,14.225858
15378,10.415182
14015,12.878772
5846,15.3942375
18553,6.292479
7654,4.5205894
4059,11.184106
5111,19.77488
4552,4.6227813
8318,5.442873
20261,16.301735
15361,9.550169
14519,4.805244
18454,8.413517
3749,12.430811
4789,7.460724
837,2.508538
14474,3.6798942
19791,7.1707997
12821,4.418484
14329,4.175884
9905,7.8651686
8525,0.0
7075,21.326414
16517,14.093479
19288,22.190212
8563,0.0
1814,0.83611476
4672,5.4895544
20174,14.432566
6097,5.2646437
15591,7.423824
8076,3.5432918
5566,16.059156
15507,7.9454083
3849,12.180094
4270,3.8802123
11407,1.926932
14886,15.8003235
1215,14.102947
4385,5.9640665
1111,13.930537
20335,16.866665
4376,5.9640665
18166,19.487778
11244,1.9124116
8262,3.647518
16410,9.793
11058,20.215384
12322,15.620019
11313,1.4716487
3315,5.6081643
16055,12.682139
7122,18.840746
18129,20.089285
11123,3.0338426
2926,5.4310637
593,7.164824
14084,0.47299558
7781,16.481907
16168,21.583015
10792,25.16959
15220,7.757757
12623,9.005514
8908,3.4646251
12857,4.543382
9924,7.232256
11949,0.3460974
17669,17.662739
20003,11.774465
4630,6.6256137
18806,11.281898
334,2.6551256
16511,8.144364
6359,7.3826766
10002,6.888832
3990,6.8218193
7675,2.3556845
15240,11.682657
12918,5.143344
19572,8.558269
17485,8.156332
6434,11.65821
13811,13.165398
4778,7.4319005
5890,13.647485
19832,7.9048405
1250,12.623803
19126,10.039356
11907,1.1741545
18516,6.369014
18871,12.997541
6547,7.5703936
13278,8.777728
12489,8.793472
2759,7.7562327
6008,12.541411
7317,18.823204
2475,22.619684
4904,20.72416
14834,16.045319
6917,4.8948574
12038,5.384385
18543,6.366448
15174,6.5658927
10011,6.4795094
9136,27.25586
14650,1.2967422
9890,8.302644
16040,11.868116
13186,10.24137
14457,3.2331386
12288,5.462744
8025,3.6289904
16491,10.903672
17185,7.97311
12450,12.972589
3629,13.673677
2825,8.566982
19393,21.556852
19962,11.50075
479,0.0
10769,26.480335
16533,11.565662
18312,13.21447
3448,16.614548
19788,7.1707997
10402,6.92916
7967,12.955024
17839,16.373133
15582,8.217496
18222,18.388765
2995,8.129191
8839,4.1343226
403,0.0
8619,2.056223
2899,3.0690498
12805,4.3409233
8682,1.7775612
8484,1.0624057
15451,8.274351
6502,8.33579
10919,21.470295
10745,24.26332
19106,10.864308
9996,6.888832
10057,5.7936835
1604,16.081755
5633,15.72936
11703,17.331451
6057,5.090369
3658,14.114093
441,0.0
19969,11.189108
13766,16.635952
18783,12.055677
14745,2.1766815
4266,3.8802123
10466,7.1376104
812,3.1169353
7602,4.2788854
10296,7.5655246
3735,14.204207
4988,18.458773
781,8.226281
9224,19.894524
4506,4.8294253
18236,18.932026
4154,12.703269
10912,19.183176
16698,10.903016
10750,24.26332
3602,10.418105
13614,13.103353
6128,5.816093
7400,17.864336
1818,0.83611476
5689,14.045209
17620,7.1147137
6831,1.378187
234,1.6853744
5679,14.314462
1955,4.837014
17376,7.766299
16943,21.58974
18334,7.3259764
9786,12.358971
15833,9.71409
18715,13.7662
5872,14.564049
9354,12.117895
17258,8.890984
1193,15.364694
10757,24.72356
13496,16.38689
11655,16.487831
8591,0.0
10287,7.5809875
9496,9.137829
16204,19.37577
7804,15.696723
16467,6.194482
8431,0.0
16075,13.59304
12887,4.5883923
5685,14.045209
4326,6.014694
18593,6.5183954
13635,12.768144
11389,1.3949096
15732,2.9203882
14786,2.55676
2830,8.744517
2760,7.7562327
12445,12.972589
7401,17.864336
964,1.9508221
15134,8.075448
4122,13.544667
17679,15.168083
9940,5.9956503
5757,15.870332
8200,3.3468313
14993,15.668988
4686,8.395811
13984,12.65589
9448,12.771304
12208,6.7350883
9179,26.161432
18256,15.004295
12498,8.793472
2662,20.163927
20192,13.9027
12790,4.1409473
14183,5.714192
8920,13.620517
9402,9.689561
18048,12.895427
16556,10.166429
15974,14.8160095
9822,13.131544
8550,2.0958648
8523,0.0
3502,13.601765
7867,14.212723
5328,0.11672248
2060,1.6312298
1764,1.0347775
1004,2.0686998
16409,9.793
15976,14.8160095
1598,15.986861
20096,13.327582
1658,15.978484
18995,8.632411
11902,1.1741545
6007,12.541411
5675,14.314462
211,0.0
14046,11.352388
1449,23.79883
16767,10.79414
17412,7.8845553
1687,16.046219
8356,0.0
14059,12.082961
11299,1.7231305
20205,13.244462
14846,15.712745
16512,8.144364
20173,14.432566
14738,2.3392193
6663,28.176716
15144,8.075448
13736,5.7566752
2908,3.0690498
13582,13.353147
17435,7.243891
11103,18.794638
20107,13.608722
14971,15.970515
17761,26.606602
2290,1.1453573
369,1.2713265
8978,13.018823
4809,7.1539826
3009,0.13611694
18392,8.067811
4538,5.9745793
19795,7.460703
19281,2.7217767
17658,16.039946
8216,3.7103686
9853,11.229094
20358,17.491093
9352,12.117895
20630,6.313022
18564,6.426954
3,1.6651905
9804,11.395458
14890,15.8003235
4589,5.5307093
8085,3.6627746
12696,3.3021114
15760,2.6967537
13022,20.232086
10112,5.8667474
6623,8.555393
19867,13.217145
16464,6.194482
18231,18.932026
15055,17.260862
8067,4.1488743
19020,6.835909
3704,13.106594
14705,1.8517874
13737,5.7566752
13966,10.979386
14992,15.668988
12799,4.3409233
11765,11.204148
4503,4.7489686
7451,16.024017
14769,2.5543804
4941,18.79599
6944,29.128864
3026,8.565559
15341,11.579276
2023,4.1987677
3335,5.8418393
819,2.476167
2813,8.880162
19937,12.281155
11610,21.217966
17935,13.0969305
1037,2.5090194
2052,1.6312298
16678,10.740785
15647,6.5138674
10632,17.205814
13127,11.001758
15510,7.9454083
11875,12.763364
13219,10.376517
18534,6.366448
10765,24.72356
12770,3.8530664
1533,20.213032
18939,2.5901415
15619,6.941914
13276,9.922767
7089,19.904566
11579,20.168518
11463,1.8302773
8224,3.7103686
4637,6.6256137
10575,2.050524
1492,20.69418
17352,8.649806
8887,3.3353179
10312,7.417108
3614,10.517334
13018,0.0
2443,19.919178
1269,11.212147
16564,11.651058
17262,8.890984
7171,15.290864
13867,14.015283
2788,0.532907
13456,16.153893
5694,14.045209
13537,14.114679
5737,16.050364
19633,7.4963856
9238,20.988348
11434,1.6015109
84,4.587913
18856,10.448153
16489,10.903672
9213,20.450901
19729,7.123868
6166,5.6600566
9840,11.5201435
14664,1.3742632
19871,13.217145
12968,0.0
7912,12.40026
5446,4.420948
13412,14.794469
12015,2.443494
1959,4.837014
17915,14.183612
1571,16.481836
5118,19.77488
4877,23.086979
4066,11.388237
9634,12.086024
4720,6.997512
16652,10.14154
14333,3.0697258
14029,10.942116
2040,1.6678957
16071,13.59304
11024,22.897192
11196,0.0
19868,13.217145
10828,24.93574
18552,6.292479
20645,6.955545
13659,12.052434
14539,4.124731
19067,8.311701
18860,10.448153
7332,19.288364
9792,12.79851
3702,13.106594
8775,2.399701
11651,16.487831
17279,9.017511
16616,9.242268
4127,13.544667
13126,11.001758
847,3.1485772
12673,2.9713438
24,1.754817
11000,28.116102
14044,11.352388
998,2.0686998
9138,25.659178
1477,21.191097
12408,12.05891
16406,9.793
2466,22.43772
16816,29.461273
8253,3.647518
20164,11.115032
14067,12.082961
11807,10.229982
3959,6.394393
16061,12.682139
15022,17.644712
1528,20.213032
1117,14.289194
18013,14.184686
6725,21.365993
122,4.7182546
176,0.0
2452,19.919178
8340,2.4390244
6583,9.151895
16640,9.829198
1076,2.0691903
6213,5.7344313
74,5.111694
18797,13.998647
130,4.7182546
11874,12.763364
745,7.659985
12095,4.280822
9070,27.66198
18085,12.968313
19883,12.93525
20438,7.36156
9895,7.8651686
6753,17.447998
5563,16.059156
10809,24.66322
18763,15.126496
9817,13.131544
17892,14.561925
1048,2.8070924
8132,3.6767676
9147,25.59298
4500,4.7489686
6148,5.1236596
1423,23.849657
18668,15.152835
18223,18.388765
10299,7.5655246
9276,11.764706
19768,7.3834105
19289,22.190212
9369,19.25128
5496,20.56452
10984,29.036146
1617,15.862616
9449,12.771304
20204,13.244462
10042,6.831852
4407,5.3659697
12704,3.59953
2779,4.421697
8472,6.4044404
5110,19.77488
10030,6.7267537
1556,18.293848
15352,10.966268
8551,2.0958648
257,0.0
16769,9.750219
4626,6.6256137
6429,11.037548
1149,13.795062
7628,1.7280691
12548,9.917632
4867,24.338324
6792,15.682175
2557,21.27361
6400,9.03223
5866,14.564049
7194,21.534231
15595,7.423824
19683,7.428202
15609,7.1414747
17986,13.04878
1192,15.364694
9543,12.963696
6366,12.6592045
11395,1.3949096
9387,11.258937
5778,13.884822
6378,10.356162
2843,6.2462077
1844,1.209619
8416,1.1139331
5925,12.397217
1207,15.10757
12812,4.2608147
2534,22.152103
2369,28.763186
10171,8.028203
18142,19.15933
7255,20.585272
1774,1.5943497
5951,11.318914
5190,14.321229
6964,25.967264
4067,11.388237
14297,3.9761503
15966,12.786229
8717,2.4598782
3273,5.1913314
15918,13.379194
7835,14.281838
4121,12.121661
7350,19.016466
17429,7.243891
14724,2.1509724
19293,22.198895
519,7.2689996
14512,4.805244
12031,5.384385
4196,10.903971
17887,14.561925
18805,11.281898
971,2.8215928
3518,13.277148
2427,20.224768
328,2.6551256
14676,1.5865482
1253,12.623803
4973,18.737919
20393,18.598679
8703,1.9791678
2991,7.673125
15016,17.644712
440,0.0
1041,2.5090194
16382,7.524926
3307,5.6081643
2304,0.0
4507,4.8294253
15479,8.205071
8353,0.0
4011,7.6122603
6982,25.347427
11052,20.215384
5999,11.231563
5897,12.517839
11551,22.522396
18246,18.062166
20353,16.40815
14339,3.0697258
1001,2.0686998
7042,21.80591
18900,2.2754714
19272,2.7217767
8335,5.1203694
17315,8.856995
1813,0.83611476
7837,14.281838
4949,18.79599
11490,26.38188
20274,22.020992
706,8.327544
5553,17.784756
19686,7.363759
6723,19.145494
1749,0.72072625
1773,1.0347775
15570,9.470583
11646,19.628647
11398,1.926932
17318,8.237435
15344,11.579276
13177,10.309069
11673,20.631685
8827,4.088795
19423,20.99231
17222,8.18111
10073,5.055193
17057,1.051276
17926,13.938389
8958,10.928448
5848,15.3942375
14909,16.131525
9955,5.9326143
17577,14.123786
18193,18.208447
4513,4.8294253
11212,1.4133166
8694,1.9791678
18604,6.463862
8002,13.174323
3062,3.8005352
4504,4.7489686
17401,8.00241
7333,19.288364
5436,3.7461603
11719,17.635832
11500,23.023664
9221,20.450901
5893,13.647485
2357,25.326773
20313,17.15709
18822,11.659628
5139,19.806688
9800,11.395458
16389,6.1804695
4028,10.564005
2923,5.4310637
3283,5.348029
20238,14.827834
17252,8.469416
15017,17.644712
3330,5.8418393
1148,13.795062
19331,28.054113
19746,6.791239
16160,21.932669
1808,0.7598784
11038,21.566143
5935,12.719011
13221,10.376517
4716,6.997512
10913,19.183176
16350,7.9614663
13439,13.534156
16183,20.189264
15696,3.084811
6695,19.313246
3367,18.889511
1404,25.237324
3542,12.920517
7336,19.288364
3080,4.14661
3259,5.2046685
14246,5.5212264
17040,0.6035557
20013,11.61335
662,8.875821
5288,13.88903
4687,8.395811
11507,21.634499
6444,10.227036
13129,11.001758
19381,22.470808
13726,6.5891547
6059,5.090369
11075,16.166842
13451,15.424009
1543,18.855139
1874,0.694348
7204,21.586662
6277,7.341875
8489,1.0624057
9351,12.117895
2397,24.275425
4454,5.4276247
11204,0.0
9881,8.116296
20456,7.3206444
18644,13.430127
15624,6.338311
1429,23.849657
20354,16.40815
14534,4.277233
19830,7.9048405
3351,15.715388
2540,22.152103
14189,6.8206525
20638,6.313022
1025,2.727723
14553,5.186741
14362,2.0476072
3612,10.517334
17977,13.957484
4824,6.0858274
2672,19.40123
6333,4.8098087
6760,18.935293
827,2.508538
9381,13.64991
16493,4.770708
2874,8.410748
14844,15.712745
11431,1.2298654
3632,14.151018
12392,15.376884
8723,2.4598782
14629,0.6274333
4303,3.616897
7968,12.955024
598,7.303723
19101,9.512035
15480,6.7821603
14022,10.942116
11552,22.522396
16007,12.654376
9334,13.256792
18106,21.443144
12557,9.917632
545,7.2497993
12716,3.5894005
4885,22.486645
9155,25.59298
20282,17.450743
13935,12.2967205
15431,7.952791
3727,14.204207
152,5.0782766
14251,5.894216
5502,20.56452
8672,2.4417024
3389,18.310299
10130,6.0602984
17023,0.56454104
13457,16.153893
12912,4.920052
5854,15.312889
1035,2.5090194
10409,6.92916
20510,7.7656126
9556,14.882447
14393,2.3676157
14062,12.082961
15606,7.1414747
9964,5.9326143
18605,6.463862
6688,21.18751
5792,14.759335
7353,19.016466
13026,20.232086
16809,28.32974
17232,8.523483
4205,10.903971
5153,15.833722
3822,11.557925
14533,4.277233
2946,11.314466
7104,20.577295
3670,13.756147
4020,7.5742793
20074,12.760507
116,4.2509885
14144,5.4303493
12578,10.056658
15668,4.263341
20244,14.827834
16112,12.666191
6912,4.8948574
644,9.189855
14596,5.5822406
11200,0.0
16982,0.69911563
7099,20.577295
14579,5.3114705
2547,22.296474
20108,13.608722
9901,7.8651686
2289,1.1453573
9886,8.302644
9949,7.2418075
13292,9.279702
16846,27.572618
17582,14.123786
15546,7.756973
19958,11.50075
13436,13.534156
4352,6.539345
5254,14.525658
20552,8.609395
11995,0.5864793
15173,6.5658927
17070,1.1660867
8090,3.6627746
2560,21.27361
16830,26.836323
6526,8.700267
6334,4.8098087
4292,3.58715
8284,4.4460087
8417,1.1139331
12264,5.045116
1883,0.0
3774,12.5672455
16364,10.203821
5858,15.312889
4526,5.241577
933,1.6913905
4306,3.616897
1758,0.74176115
9475,12.153786
5034,17.913624
14172,5.905981
817,2.476167
1742,0.72072625
14092,0.19277915
12238,9.157928
8922,13.620517
10531,0.08279116
16462,6.194482
17592,5.305643
17734,28.568308
11861,7.802001
12245,9.157928
379,2.5087178
16915,22.892035
18931,2.1021671
866,3.7755575
17863,14.450207
2623,19.790413
8254,3.647518
16208,19.37577
13108,11.162771
12993,0.0
15737,2.9203882
18287,13.665823
11211,1.4133166
9526,14.451247
9260,15.684612
13213,9.801616
14778,2.55676
4298,3.58715
494,7.3562016
13746,5.751867
18445,8.894284
19621,7.571047
12718,3.5894005
11559,22.987066
20040,11.933435
16854,22.518175
3317,5.616382
9102,29.328016
6901,3.41027
9349,12.117895
7923,11.943904
2518,20.985352
3509,13.26301
16751,8.553417
6537,8.459012
8671,2.4417024
19986,11.531207
10905,20.251259
12103,3.3955858
8145,3.6719968
5320,0.11672248
3939,5.426804
16819,29.461273
5888,13.647485
16969,0.45880365
4166,12.739788
16310,17.518337
15072,16.456076
17383,7.766299
2018,4.1987677
20575,6.161107
15797,2.4426184
6064,5.4335275
3511,13.26301
13008,0.0
7279,19.055475
2941,5.2854867
5643,17.633392
18152,19.15933
16417,7.287656
14595,4.828557
13825,13.511181
9215,20.450901
5528,20.564146
7506,2.7219014
3195,4.739508
11941,0.3564732
19396,21.556852
1540,18.855139
1180,14.257924
17598,7.963884
5033,17.913624
3515,13.26301
4593,6.666241
8953,11.877335
2296,1.1453573
5368,2.6632054
8801,2.6146924
13472,15.731974
2702,17.57283
12967,0.0
13818,13.511181
7080,21.326414
9417,12.887167
8624,1.9795284
1807,0.7598784
8812,2.7928674
4395,5.8127613
3745,12.430811
8871,2.7578595
8268,3.5117514
18807,11.281898
13060,21.357634
3472,17.307861
15796,2.4426184
4082,11.793901
16303,18.100605
19854,13.435401
7343,19.016466
589,7.164824
13468,15.731974
19298,22.198895
18126,20.089285
7418,17.57476
11730,20.329773
5887,13.647485
16760,10.79414
9621,12.044592
12154,5.0740275
93,4.587913
8511,0.0
7358,18.741901
17324,8.237435
4140,13.783236
17567,12.966174
4,1.6651905
14970,15.970515
9241,20.988348
15286,10.91726
9554,14.882447
9347,11.892822
19195,10.969746
7211,21.714846
2461,22.635767
7452,16.024017
427,0.0
8798,2.1431968
12534,7.328193
982,2.595681
10609,0.11598004
19497,1.7733644
5035,17.913624
12459,10.571151
5690,14.045209
9698,13.654268
11578,20.168518
9528,14.451247
3354,16.413857
460,0.0
3423,18.465067
15374,10.415182
9101,28.432524
17846,16.373133
14341,3.0697258
14452,3.2331386
18600,6.463862
10293,7.5655246
218,3.50874
5529,19.755962
7488,4.0892415
19443,21.106379
3252,5.1749115
10547,0.08195291
14107,4.5696244
6886,4.9093885
18666,15.152835
20253,18.195713
11250,1.9124116
20280,17.450743
793,7.7406273
17716,25.92107
8137,3.6767676
18194,18.208447
11094,6.363752
20079,12.939983
14612,6.448217
8524,0.0
771,7.6867404
18768,13.122477
18488,6.434829
10623,1.9223102
956,2.4545217
13977,11.292262
16790,9.622239
13102,11.162771
7429,17.53823
8185,3.5661082
9529,14.451247
10556,0.040577695
1081,2.6472676
5832,16.547506
4962,18.766642
9951,7.2418075
14207,6.3732395
7690,2.47566
201,5.803285
13368,11.566396
19391,22.697514
11647,19.628647
6104,5.2646437
20524,8.415411
10407,6.92916
19833,7.9048405
4100,11.909821
11417,1.1884396
15409,9.730077
8406,1.1307995
10993,29.315556
11031,22.897192
20131,13.931532
19122,10.039356
10701,18.493076
3547,12.920517
15568,9.470583
1104,13.930537
18181,20.829702
16828,26.836323
9722,12.289937
18966,2.1313162
7667,2.670609
10703,18.493076
1460,23.913239
10940,22.151669
2108,6.751055
588,7.164824
8579,0.0
3678,14.367182
10197,8.3889
17405,8.00241
9594,11.025157
351,0.0
7750,17.677261
15675,3.012087
3853,12.180094
20364,17.491093
18121,20.089285
4126,13.544667
1970,5.5883837
18562,6.426954
488,1.0882696
10660,17.287128
11202,0.0
14020,10.942116
10863,23.787905
8626,1.9795284
4215,11.095198
15593,7.423824
18186,18.208447
14447,3.349167
19778,7.318979
11354,2.5206401
2180,3.9819539
10820,25.405123
14560,4.0291233
11788,17.25618
12316,8.279819
13498,16.38689
6812,5.00376
5339,0.7997907
20332,18.653109
6716,19.145494
15795,2.4426184
4922,20.592964
2944,5.2854867
12725,3.925434
14037,11.6200905
5304,13.437018
6538,8.459012
18039,12.515977
8929,13.620517
13939,12.295011
1200,15.10757
14041,11.6200905
18265,13.523056
12574,10.056658
2435,19.209076
701,8.112241
7318,18.823204
16453,7.1526494
7410,17.57476
9687,13.140806
15701,3.084811
14385,2.8944569
8754,2.5104196
20134,13.931532
20612,5.532246
14090,0.47299558
8665,1.6816846
18990,8.632411
696,8.112241
11174,0.0
16940,21.58974
17277,9.017511
10232,8.439049
11676,20.631685
9716,12.289937
14703,1.7515761
16643,9.829198
16328,16.672033
3636,14.151018
16528,11.565662
8868,2.7578595
5266,14.225858
2829,8.744517
15476,8.205071
7287,19.055475
16299,18.100605
4446,5.4276247
6728,21.365993
3663,14.114093
20570,6.161107
20447,7.3206444
7406,17.864336
4536,5.9745793
7716,5.5517
12838,4.2957754
387,0.0
3961,6.394393
2700,17.57283
7004,23.86405
13484,16.195032
11254,2.0401855
18780,12.055677
16291,18.202827
9534,14.451247
12739,3.8145397
1715,2.2604547
18658,14.391665
16966,0.26993245
11910,1.1741545
14334,3.0697258
18148,19.15933
3672,13.756147
11908,1.1741545
8568,0.0
7688,2.47566
4638,6.7537737
7593,2.4149048
954,2.4545217
8880,3.1495059
18726,14.641364
310,0.0
13404,14.727778
2541,22.296474
6067,5.4335275
4467,5.0179687
8636,2.1438293
272,1.5794046
16459,6.194482
1044,2.8070924
7534,3.7583954
6060,5.4335275
14930,16.300985
2959,6.0211544
4561,5.3627987
3350,15.715388
7267,20.235987
6883,1.7448376
8289,4.8198247
2666,19.40123
7595,2.4149048
9598,9.859368
3405,17.948622
14849,15.347609
7349,19.016466
3365,18.889511
15080,15.019436
16916,22.892035
12329,15.620019
17341,8.706415
7691,2.47566
3618,13.673677
13714,6.0173936
10400,6.92916
1205,15.10757
11735,20.329773
15653,0.0
11728,20.329773
16578,8.465871
15365,9.550169
11770,11.204148
11782,17.25618
8825,4.088795
17884,14.561925
19033,6.3904457
9269,11.764706
6714,19.145494
2405,21.346226
18878,11.235174
4130,13.544667
20385,17.252983
11526,25.414762
15392,10.617223
2100,6.751055
17489,8.156332
11888,0.0
1960,4.837014
8982,14.96187
12567,8.412516
20669,7.670198
2009,4.1460657
12504,9.156671
14655,1.2967422
4943,18.79599
2005,4.1460657
5243,13.793129
20341,16.866665
7872,14.163918
2686,18.002785
5903,12.517839
13337,10.46147
6906,3.41027
905,1.8549747
17355,8.649806
8678,2.4417024
7998,13.059236
430,0.0
8368,0.0
14490,4.654585
20255,18.195713
8466,1.0729383
8863,2.7578595
6976,27.40919
10217,8.675571
10766,24.72356
7208,21.586662
11248,1.9124116
7294,18.654373
18332,7.3259764
11545,22.522396
3721,13.037255
12029,3.0229745
20083,12.939983
13568,13.017717
10550,0.08195291
8140,3.6767676
1985,5.124826
715,8.327544
2981,7.673125
